time_s,MAX_se,Min_se,MAX_nar,Min_nar,MAX_rat,Min_rat
2020-01-01,20,10,17,11,22.4,12
2020-01-02,20,12,19,13,19,13.8
2020-01-03,20,12.5,21,15,20,12.8
2020-01-04,16,10,21,13,20.2,10
2020-01-05,21,8.8,21,11.6,21,10.2
2020-01-06,24,9.6,21,13,26,11
2020-01-07,26,12.4,22,13,28,14
2020-01-08,25,14,22,16,25,15.2
2020-01-09,18,9,21,14,19,10
2020-01-10,18,6,17,8.5,19,8
2020-01-11,22,5,22,5.5,25,9
2020-01-12,25,8,23,7.5,26,12
2020-01-13,28,10,26,10.5,26.6,13
2020-01-14,22,15,27,15,23.4,16
2020-01-15,24,15,26,15,25.6,16.6
2020-01-16,19.2,14,26,15,22.4,12
2020-01-17,20,11.6,20,15,20,10
2020-01-18,17.6,9,22,13,21,10
2020-01-19,18.2,9,20,10.5,20,10.4
2020-01-20,22,7,21,11,24,9
2020-01-21,26,11,25,11,28,13
2020-01-22,21.4,14,25,15,25.2,16
2020-01-23,20,11,22,14,21.2,13
2020-01-24,24,8,23,12,25,11
2020-01-25,24,9,23,11,24.6,12
2020-01-26,26,11,23,12,27.4,12.8
2020-01-27,27,14,25,14,30,16
2020-01-28,25.6,14,27,16,23.4,14
2020-01-29,23.2,14,23,16,23,11
2020-01-30,20,11.4,22,14,21.2,11.4
2020-01-31,22,8,23,12,22.4,11.8
2020-02-01,22,10,23,10.6,22,11
2020-02-02,22.2,9.4,23,8.6,24,11
2020-02-03,23.4,11,24,13,26,13
2020-02-04,25,12,18,14,27.4,13
2020-02-05,24,11,23,15,25,13
2020-02-06,25,12.6,24,14,26.2,13
2020-02-07,23,12,23,13,24,13
2020-02-08,22,10,22,15,22,12
2020-02-09,23,8,22,14,22,11
2020-02-10,26,10,23,10.2,26,12
2020-02-11,27,13,25,12,28.2,14
2020-02-12,27,13,25,15,28.4,16
2020-02-13,28.2,13.8,27,13,28,14
2020-02-14,28,13,27,16,28,14
2020-02-15,28,13,27,14,28.2,14.6
2020-02-16,28,10,27,15,28.2,17
2020-02-17,28,11.8,27,14.6,30,15
2020-02-18,30,12,28,16,30.2,13
2020-02-19,31,13,30,17,31.6,16
2020-02-20,32,17.6,29,13.5,32,17
2020-02-21,30.6,18,29,18,29,18
2020-02-22,28,15,28,20,29,17
2020-02-23,27.4,14,28,19,29,16
2020-02-24,26,14,25,18,27,15
2020-02-25,26,12,25,17,27,13
2020-02-26,28,13,28,15,29,15
2020-02-27,30,15.8,28,17,30.4,15
2020-02-28,33,16,29,18,31,18
2020-02-29,29.6,20,32,17,31,20
2020-03-01,30,17,30,17.6,31,19
2020-03-02,31.4,19,31,18,31,18
2020-03-03,31,15,31,20,30,16
2020-03-04,31,16,32,19.2,30,16.8
2020-03-05,31,15,30,19,29.2,16
2020-03-06,29.4,17,29,17,28,16
2020-03-07,28,14,27,19,26.4,15
2020-03-08,27,14,29,18,29,15
2020-03-09,28,15,29,18,29,16
2020-03-10,29,18.8,23,20,30.4,19
2020-03-11,29.4,17.6,31,20,28,15
2020-03-12,30,15,31,21,28.4,15
2020-03-13,27,14,27.8,21,26.6,13
2020-03-14,28.6,12.4,29,20,26.6,14
2020-03-15,26,14.6,30,19,28,15
2020-03-16,29,13,29,20,31,14
2020-03-17,31,15,31,16.5,33,18.5
2020-03-18,33,19,30,21,34,19.6
2020-03-19,33,19,25,19,33.4,18
2020-03-20,31,20,29,19,33,20
2020-03-21,32,16,30,21,33,18
2020-03-22,33.4,16,30,20,34,18
2020-03-23,36,19,31,18.6,35,19
2020-03-24,35,21,31,21,35.8,22
2020-03-25,35.4,20,36,26,35,23.6
2020-03-26,32,20,33,21,33.6,21.4
2020-03-27,22.4,18.4,31,23,24.8,18.2
2020-03-28,29,17.8,31,28,31,19.8
2020-03-29,32.2,19.4,32,27,33.4,20
2020-03-30,34.6,21.8,33,32,35.2,22
2020-03-31,36.4,22.6,36,30,36.2,22.4
2020-04-01,35.4,20.4,36,30,35.2,21.4
2020-04-02,34,19.6,37,28.2,34,22.2
2020-04-03,34,20.6,34,24.7,35.2,20.4
2020-04-04,34.6,20.6,34,30,34.8,22
2020-04-05,36,22,34,32,36.6,23
2020-04-06,37.2,20.4,36,26.5,37.6,24.2
2020-04-07,37.6,22,37,24.6,36.6,24.4
2020-04-08,37,23.4,37,31,35.4,21
2020-04-09,36.4,21.4,36,31,35.4,23.4
2020-04-10,37,23.8,38,31,36.6,23.2
2020-04-11,37.8,24.2,34,27.6,37,24.2
2020-04-12,38.4,22.8,39,32,38.4,24
2020-04-13,38,23.4,38,26.4,38,23.4
2020-04-14,40.2,24.8,39,34,38.4,23.8
2020-04-15,39.8,25.6,38,26.5,39,25.6
2020-04-16,39.4,24,39,27.4,38.2,25
2020-04-17,39.4,26.4,39,38,38.4,25
2020-04-18,35.4,26.8,35,31,37,25.8
2020-04-19,37,26,36,28.4,36.4,25.2
2020-04-20,37,22.6,37,33,37,24
2020-04-21,34.8,21.2,35,32,36,22.2
2020-04-22,37.2,22.4,35,32,36.4,24.8
2020-04-23,38.4,25,NA,NA,38.4,25.4
2020-04-24,39.4,24,38,33,37.6,25.2
2020-04-25,38,27,38,35,36.8,23.6
2020-04-26,37,24.2,37,35,37.6,24.6
2020-04-27,36,23.8,34,29,37,25.4
2020-04-28,37,24,38,30,37.4,28
2020-04-29,39,24.4,35,35,38.6,32
2020-04-30,38,26.6,37,33,39.6,33.4
2020-05-01,39.6,25.4,37,30.4,NA,NA
2020-05-02,41.2,25.2,40,34,NA,NA
2020-05-03,41,27.8,40.4,28.6,NA,NA
2020-05-04,41.2,25.4,36,36,NA,NA
2020-05-05,38,25,37.2,30,NA,NA
2020-05-06,39,25.6,39,35,NA,NA
2020-05-07,40.8,25,38,32,NA,NA
2020-05-08,41,25.2,39,28,NA,NA
2020-05-09,41,27,39,33,NA,NA
2020-05-10,41.8,24.6,38,34,NA,NA
2020-05-11,37.4,23.4,35,26.2,NA,NA
2020-05-12,36.6,24.8,36,31,NA,NA
2020-05-13,39.4,26.2,40.7,34,NA,NA
2020-05-14,38.4,26,37,37,NA,NA
2020-05-15,40.4,27.4,39,31.7,NA,NA
2020-05-16,39.6,27,40,28.4,NA,NA
2020-05-17,40.4,25.4,40,34,NA,NA
2020-05-18,39.8,25.4,37,37,NA,NA
2020-05-19,40.4,25.6,38,32,NA,NA
2020-05-20,40.6,27,39,36,NA,NA
2020-05-21,41.6,22.2,39,34,NA,NA
2020-05-22,42.2,27.6,38,33,NA,NA
2020-05-23,42.6,30.2,40,36,NA,NA
2020-05-24,43.2,29.8,39,39,NA,NA
2020-05-25,44,29,42,41,NA,NA
2020-05-26,43.6,27,44,39,NA,NA
2020-05-27,42.6,30,35,34,NA,NA
2020-05-28,42.4,30,40,33,NA,NA
2020-05-29,41,30,35,33,NA,NA
2020-05-30,41,29.4,36,30,NA,NA
2020-05-31,39,27.8,35,32,NA,NA
2020-06-01,38,28.6,39,29,37,30
2020-06-02,34,27.4,32,30,28.8,21
2020-06-03,32,23,29,28,30,25
2020-06-04,23,20.8,29,24,27,20.6
2020-06-05,31.2,19.2,23,22,33.4,23
2020-06-06,34.6,22.8,35,26,33.4,24
2020-06-07,34.4,24.6,35,29,35,25
2020-06-08,35.4,24.8,29,28,34,25
2020-06-09,37.2,25.6,36,29,35.4,25.6
2020-06-10,37,25.6,32,30,36.2,26
2020-06-11,38,25.6,37,29,35,24
2020-06-12,37.4,24,32,29,35.4,25
2020-06-13,32.8,25.4,35,25,33,24
2020-06-14,34.6,26,27,26,32.2,25.4
2020-06-15,35,25.8,28,27,34.4,25
2020-06-16,37.8,25,35,25.7,34,26
2020-06-17,35,21.2,27,27,32.4,25
2020-06-18,34.8,21.6,32,27,35,27
2020-06-19,33.8,22,26,26,33.4,27.2
2020-06-20,30,22.4,35,26,32.4,23
2020-06-21,33.2,25.2,28,27,33.4,25
2020-06-22,34,23.6,27,25,34.4,24
2020-06-23,29,23.8,28.7,24.5,31,25
2020-06-24,29.8,24,35,27,27,26
2020-06-25,33.6,25,35,24,33,25
2020-06-26,33.4,24,29,26,NA,NA
2020-06-27,33,23,33,27,33,23
2020-06-28,33,24,34,25,32.4,24
2020-06-29,33,24.6,28,25,32.4,24
2020-06-30,34.8,25.4,33,26,34.2,25
2020-07-01,35.4,25.8,34,27,35.4,27
2020-07-02,34.4,27.4,33,25,34,26
2020-07-03,33,26,35,26,29.4,26.4
2020-07-04,33,24,33,27,32.2,25.6
2020-07-05,27.2,24.2,29,27,28.4,26
2020-07-06,31,23,28,25,27,25
2020-07-07,33,24,28,25,31.8,25.6
2020-07-08,32,25.6,33,27,33,26
2020-07-09,33.4,25,34,26.4,32,26
2020-07-10,32,25.4,32,26,30,25.6
2020-07-11,31.4,25.4,30,30,31,24
2020-07-12,31,23.6,32,28,30.4,25
2020-07-13,32,24,33,27,32.4,24
2020-07-14,31,25.8,28,27,32,25.6
2020-07-15,33.4,24.6,32,27,30.2,25.6
2020-07-16,31,25,33,26,30.8,25.4
2020-07-17,32,24.8,32,26,29.2,26.8
2020-07-18,33.4,25,33,27,32,28.2
2020-07-19,32,25.8,31,28,30,26
2020-07-20,32,25.4,31,26,31,27
2020-07-21,33,24.6,28,24,32,25.4
2020-07-22,33,24.8,33,25,30.6,26.8
2020-07-23,33.4,24.8,28,24,30.6,25.2
2020-07-24,32.6,23.4,31,25,30,26
2020-07-25,31,23,30,26,29.4,24
2020-07-26,33,24,32,25,32,24
2020-07-27,33,25,33,27,32,24
2020-07-28,33,25.2,32,24,32,24
2020-07-29,29,26,30,25,29.6,25
2020-07-30,32.2,25,31,25,29.8,24
2020-07-31,35,25.4,33,26,31.2,24
2020-08-01,34.2,25,33,27,31,25
2020-08-02,34,26,31,26,NA,NA
2020-08-03,30,25.8,29,24.8,28.2,25.4
2020-08-04,32,24.6,28,25,30,24.4
2020-08-05,29,24,28,24,28.8,23.8
2020-08-06,30,25,29,25,30,24
2020-08-07,28.4,25,29,26,27.6,24.6
2020-08-08,27.8,24,27,24,30,23.4
2020-08-09,29,24.6,25.5,25,27,23
2020-08-10,29.4,24.4,26,25,28.6,23
2020-08-11,25.6,24.6,29,25,29,23.8
2020-08-12,28,24.6,27,25,27,23.6
2020-08-13,25.2,24,28,25,25.2,22.6
2020-08-14,29,24,28,24,25,23
2020-08-15,28.4,23.6,28,24,26,22.2
2020-08-16,30.4,24,29.5,24,25,23.6
2020-08-17,28,24.2,29,24,27.2,23.4
2020-08-18,26.4,24.6,26,24,26,23.6
2020-08-19,27,24,28,25,27,23.4
2020-08-20,30.6,23.4,29,25,25.8,23
2020-08-21,28.4,22.5,26,24,29,23
2020-08-22,24.2,22.4,29,25,24.2,23
2020-08-23,26.4,23,28,26,26,22
2020-08-24,28,23,27,24,28,21.6
2020-08-25,30,23,29,25.6,29,22.8
2020-08-26,30,23,27,25,28,22.4
2020-08-27,27.6,23,28,23,29,22
2020-08-28,29,23.6,26,25,28.2,22.4
2020-08-29,25,22.8,26,23,26,23.2
2020-08-30,29,22.4,30,24,26.6,22.4
2020-08-31,31,23,31,25,29.4,22
2020-09-01,31,22.8,30,25,30.2,22.8
2020-09-02,31.2,21,29,25,31,21
2020-09-03,32,24,31,25,29,22.8
2020-09-04,34,23.8,32,26,33.2,22
2020-09-05,34.2,24.8,32,26,33,23
2020-09-06,34,24.2,32,28,33.4,24
2020-09-07,34,23.8,31,25,33,23.6
2020-09-08,33.2,24.4,33,25,33,23.8
2020-09-09,34.4,25,32,25,34,24
2020-09-10,33,23.2,32,25,33,23.6
2020-09-11,32,23.4,32,25,30,23
2020-09-12,33,25,30,26,30,23.4
2020-09-13,33,25,32,26,33.4,23.6
2020-09-14,33.4,24,34,26,31.2,23
2020-09-15,33,24,33,26,31.2,23.4
2020-09-16,33,24.6,33,26,31,23.8
2020-09-17,34,25,33,25.6,33.4,23.4
2020-09-18,33.6,25.4,33,31,31.6,22.4
2020-09-19,31.4,24.4,32,25,32.4,22.6
2020-09-20,33,23.6,31,25,32.8,22.6
2020-09-21,32.2,25,31,25,32,23
2020-09-22,31,24.6,29,25,32.4,23.2
2020-09-23,27,23.6,28,25,25,23
2020-09-24,30,23.4,29,25,30.2,22
2020-09-25,31.6,24.6,30,25,32,24
2020-09-26,31,23.6,31,25,30,22.8
2020-09-27,31.2,23,30,24,30.2,22
2020-09-28,32,22.6,31,24.5,31.2,21
2020-09-29,32,22.8,31,25,31,22
2020-09-30,32.2,22,31,26,31.8,21.8
2020-10-01,33,23.2,31,24,33,22.6
2020-10-02,34,23,31,23,34,22.4
2020-10-03,33.4,21.2,32,23,33.2,23
2020-10-04,33.4,19.4,32,23,33,21.2
2020-10-05,34,19,30,27,33,21
2020-10-06,33,17.4,31,24.4,33.4,20
2020-10-07,33,18,32,23,34,19.8
2020-10-08,32.6,21,32,25,33,22
2020-10-09,33,20,30,23,33.6,21
2020-10-10,33,22,32,25,33.6,21
2020-10-11,33.2,20,33,29,33,21.4
2020-10-12,34,20.6,32,27,34.2,23
2020-10-13,33,23,32,27,33.6,22.8
2020-10-14,34,24.8,32,24.4,33,23.4
2020-10-15,33,24,30,28,33,24
2020-10-16,32,25,32,28,30,24.6
2020-10-17,34,23.6,32,24.5,33,24.6
2020-10-18,34.4,23.4,32,28,34,21.8
2020-10-19,33.7,22,33.7,27,32,21
2020-10-20,32,22,31,24,32,22.4
2020-10-21,32,21.6,32,23.2,32,24
2020-10-22,33,19.6,32,26,33,20
2020-10-23,33,20.4,32,22,32,20
2020-10-24,33,17.6,34,26,32,18.8
2020-10-25,33,17.8,31,21,32,19
2020-10-26,32,16,31,25,32,18
2020-10-27,32.4,17,29,21.7,32,17
2020-10-28,32,16,31,19,31,16
2020-10-29,31,17.4,32.5,32.5,30.8,17.2
2020-10-30,31.4,17.2,NA,NA,30.8,17.6
2020-10-31,30,15.8,29,20,30,18.8
2020-11-01,29.2,14,28,19,30,17.4
2020-11-02,30,15.6,28,17,30,16
2020-11-03,30,13.8,28,20,30.2,16
2020-11-04,30.6,13,28,18.2,30,16
2020-11-05,31,13.8,27,20,29,15
2020-11-06,30.2,13.6,29,21,30.2,15
2020-11-07,30.2,14,29,19,29,15
2020-11-08,29.6,13,29,24,29,14
2020-11-09,29,13,27,11.6,28,13
2020-11-10,28,13,26,17,28.4,12
2020-11-11,27.4,12.2,27,20,27.4,10
2020-11-12,28,13.6,29,21,28.2,11
2020-11-13,31,17.6,30,24,30.6,16
2020-11-14,30.8,18,30,23,30,18
2020-11-15,32,19.4,32,24,31,17
2020-11-16,31.4,19.8,30,24,31.6,18
2020-11-17,30.6,19,28,25,30.6,18
2020-11-18,33,19,30,22.4,31,18
2020-11-19,31,20,28,22.2,28,17
2020-11-20,26,16.6,26,22,26,15
2020-11-21,25,13,26,18,24.4,12
2020-11-22,25,11.2,25,18,27,10
2020-11-23,31.6,13.2,25,18,29.2,12
2020-11-24,29,12,27,18,30,13
2020-11-25,29,15.4,28,21,28,16.2
2020-11-26,28,14,27,18,28,15
2020-11-27,25.4,13,22,17,24.6,12
2020-11-28,26.2,12,27.4,18,25,9
2020-11-29,28.6,12.8,27,18,28.2,12
2020-11-30,28.4,13,26,18,28,15
2020-12-01,28,12.6,27,20,28.2,14
2020-12-02,28,12.2,26,16.5,27.2,11
2020-12-03,29.2,11,28,16,28.8,12
2020-12-04,30.4,12,28,17,NA,NA
2020-12-05,31.2,13.2,29,21,31,14
2020-12-06,32,13,28,19,30,14
2020-12-07,29.4,15,29,15.8,29.4,15
2020-12-08,31,14.2,29,21,NA,NA
2020-12-09,30.4,14.8,29,18,30,14
2020-12-10,29.6,16,28,20,28.2,15
2020-12-11,21,16.6,29,20,19.4,16
2020-12-12,21.2,16.2,24,18,22.2,15
2020-12-13,20.4,18,22,17,22.2,15
2020-12-14,19,16.4,24,19,21,16
2020-12-15,21.6,15.6,25,17,22,15.8
2020-12-16,19,13.4,23,16,21.8,13
2020-12-17,21.2,11.4,25,16,21.6,11
2020-12-18,21,8,22,15,22.4,9
2020-12-19,23,7,22,14,22.6,9
2020-12-20,24.2,7,23,16,24,7
2020-12-21,25,8,22,19,25.6,9
2020-12-22,26.6,9,24,13,27.6,9
2020-12-23,27.6,10,25,14,28,9
2020-12-24,26.6,10,24,8.2,28,8
2020-12-25,25,11,23,15,25.4,9
2020-12-26,26,9.4,23,14,28.6,11
2020-12-27,27.4,11,24,15,27.4,13.2
2020-12-28,21.4,9.4,24,15,19.4,10
2020-12-29,19.2,8,21,11,19.4,7
2020-12-30,18,10.4,21,13,18.8,8
2020-12-31,24,10,23,17,25.6,8
2021-01-01,25.6,10,24,12.6,26.6,11
2021-01-02,27.8,15.8,25,15,27,16
2021-01-03,27,16.8,28,18,25.8,16
2021-01-04,19,17,26,17.6,22.4,17
2021-01-05,25,17,24,19,26,15
2021-01-06,28,15,28,18.8,26.4,13
2021-01-07,28,14,28,18,26.6,14
2021-01-08,27.2,16,24.4,18,28,16.6
2021-01-09,21,18,26,19.7,21.4,18
2021-01-10,23,17,27,17,25.4,16
2021-01-11,23.4,17,25,16,24.4,16
2021-01-12,22.2,11.6,23,14,24,12
2021-01-13,22.6,7,22,13,23,8
2021-01-14,24.6,8,22,10,25.2,8
2021-01-15,26.6,8.6,23,12,29.4,10
2021-01-16,26.8,11,24,14,29,14
2021-01-17,28.4,15,24,15,28.4,16
2021-01-18,30,16,26,17,29.8,17
2021-01-19,27,16,27,18,26.4,14
2021-01-20,25,12,25,16,24.6,11
2021-01-21,26.6,10.4,26.4,9.4,27,11.4
2021-01-22,28,9.6,25,9.5,29,11
2021-01-23,30,11,28,12.5,27.6,13
2021-01-24,27.2,12,27,16.8,24,10
2021-01-25,22,12,23,13,22,9
2021-01-26,20.4,8,18,12,22.2,7
2021-01-27,21,6.8,21,11,20.8,5
2021-01-28,22,9,21,11,22.6,7
2021-01-29,20.6,7,20,10,21.6,6
2021-01-30,22.6,6.4,22,11,23,6
2021-01-31,25,7,23,12,24.8,8
2021-02-01,27.4,7,24,12,28,9
2021-02-02,31,10.2,27,12,28.6,10
2021-02-03,32.4,12.4,28,14,29,13
2021-02-04,30.4,14.6,28,10.7,28,12
2021-02-05,24.4,14,28,16,25.4,13
2021-02-06,23,11.6,25,13,22.8,11
2021-02-07,23,10,24,14,24,8
2021-02-08,25,8,24,13,25.4,9
2021-02-09,29,10,27,13,28,9
2021-02-10,31,12,28,15,30,13.2
2021-02-11,13.6,13.6,NA,NA,13.4,11
2021-02-13,30,20,28,18,29.4,20
2021-02-14,31.6,16,28,14.6,30,13
2021-02-15,31.4,15,29,16,29.8,12
2021-02-16,28.4,16,26,16,28.4,15
2021-02-17,29,16,24,16,28.8,13
2021-02-18,28,14,26,17,27.8,14
2021-02-19,28,15,28,17,26,13
2021-02-20,19.5,17.5,19,17,22.6,19.2
2021-02-21,26.7,15.6,27,12.6,27,15.2
2021-02-22,30.8,12.8,29,17,30,13
2021-02-23,32,14,29,17,32,13
2021-02-24,33,15,31,18,32.6,15
2021-02-25,34.4,16,33,18,33.4,17
2021-02-26,34,14,31,20,31.6,15
2021-02-27,35,16,33,22,33.2,16
2021-02-28,33,19,34,22,33.6,14
2021-03-01,34.2,17,33,20,33.6,15
2021-03-02,31,17.2,32,18,32.6,14
2021-03-03,33,14,31,18,33,13
2021-03-04,37,15,33,18,35,17
2021-03-05,33.6,17.8,33,21,33,15
2021-03-06,34.4,15,32,20,34.6,16
2021-03-07,37,17,34,17,35.4,17
2021-03-08,37,17,35,22,35.8,16
2021-03-09,36,16,36,23,34,17
2021-03-10,35,17,35,21.6,33.4,17
2021-03-11,34,18,34.4,21,35,18
2021-03-12,32.2,16,29,23,34.4,20
2021-03-13,32.4,16,32,20,33,16
2021-03-14,34,18,32,20,33.6,18.4
2021-03-16,34,21,32,24,34.8,17
2021-03-17,35.4,21,35,22,33.2,19
2021-03-18,35,19,36.5,23,33.2,18
2021-03-19,29,17,32,19,33.6,18
2021-03-20,33,17,33,21,34,17
2021-03-21,34,19,34,23,34.8,19
2021-03-22,33,20,31,24,35.6,17
2021-03-23,35.2,20.4,31,21,34.4,21
2021-03-24,34,19,35,22,34,19
2021-03-25,33,20,35,24,33.6,18
2021-03-26,32.6,18,35,23.7,35,20
2021-03-27,36.2,17.8,35,23,36.4,20
2021-03-28,38.4,18.6,38,24,37.6,20
2021-03-29,41,20,40,26,40,21.6
2021-03-30,40,22,40,27,38,19
2021-03-31,38,21,39,25,37.2,20
2021-04-01,37,23,38,25,36,20
2021-04-02,38.4,19,38,22,36.6,17
2021-04-03,38.2,20,39,25,36.2,19
2021-04-04,38,21,38,23.5,37.4,19
2021-04-05,40,19,39,18.5,38.2,19
2021-04-06,41,24,40,25,39.4,20
2021-04-07,40,22,39,26,39.4,20
2021-04-08,39,21,39,24,36.8,19
2021-04-09,38,24.4,38,26,36.8,18
2021-04-10,36.8,25,37.6,25,37.2,18
2021-04-11,38,22,36.8,24,36.6,20
2021-04-12,37,22,36,25,37,22
2021-04-13,40,23,40,24,38.2,21
2021-04-14,38.2,21,40,25,35.6,24
2021-04-15,37.4,24,33,27,35.6,20
2021-04-16,38.2,22,39,24,NA,NA
2021-04-17,38,23,39,27,35.8,20
2021-04-18,38.2,21,39,27,37.4,21
2021-04-19,39,24,38,25,37.4,20
2021-04-20,40.2,23,40,26,38,22
2021-04-21,37,24,36,26,35.4,22
2021-04-22,37,19,35,26,35.4,23.4
2021-04-23,39,22,39,25,37.6,22
2021-04-24,38,24,40,25,37.6,21
2021-04-25,38,24,37,26,37.2,25.2
2021-04-26,40,21,38,25,38,22
2021-04-27,38.4,20,39,24,40,20
2021-04-28,40.4,22,41,24,40,20
2021-04-29,41.8,24.6,41,25,40.2,24
2021-04-30,41,23.4,41,26,39,21
2021-05-01,39,26,38,27,35.4,26
2021-05-02,37.6,24,35,30,35.4,26.2
2021-05-03,34,22.8,38,27,36.6,25
2021-05-04,39,21,38,26,36.2,22
2021-05-05,41,24,40,29,37.6,21
2021-05-06,41,24,40,29,38.2,22
2021-05-08,39,26,38,25,37.8,23
2021-05-09,39,27,37,24,38.4,25
2021-05-10,38,26,36,25,38.4,25
2021-05-11,40,24.2,36,24,38.4,23
2021-05-12,40.4,23,37,25.6,38.2,23
2021-05-13,40,24.8,37,27,37,24
2021-05-14,39.2,26.4,39,26,38.8,24
2021-05-15,40,26,38,27.2,37,26
2021-05-16,40,24,40,27,38.6,27
2021-05-17,34,23.4,34,27,35.6,24
2021-05-18,35.4,23,34,24.6,34,24
2021-05-19,34.2,24.4,34,23.6,33.2,23
2021-05-20,34,22,31,24,35.2,20
2021-05-21,39,22,35,25,37.6,22
2021-05-22,37.4,27.6,37,26,35.8,24
2021-05-23,38,25,37,26,37,22
2021-05-24,38.6,26,35,25,37.2,26
2021-05-25,39,23.8,37,25,38.4,26
2021-05-26,39,27.2,37,23.6,37.4,25
2021-05-27,40,27,39,27,36.6,22
2021-05-28,40.4,25.8,39,26.5,37.4,22
2021-05-29,39,27,37,27,36.6,22.2
2021-05-30,38,22.6,37,26,36.6,24
2021-05-31,39,22.6,36,26,38.2,23
2021-06-01,39,26,37,27.6,37.2,24
2021-06-02,38.6,24.4,37.8,27,36,24.8
2021-06-03,36,23,37,27,34.4,21
2021-06-04,37,25,33,29,35.2,21
2021-06-05,34.4,25,32,25,37.6,23
2021-06-06,36,26.2,35,26,35.2,24.8
2021-06-07,37,26,34,28,35.6,23.2
2021-06-08,38.2,22,37,28,35.8,22
2021-06-09,36,22,32,24,36.6,24
2021-06-10,38,25,31,24.4,34.8,24.6
2021-06-11,37,23,30,24,35.8,24
2021-06-12,35.4,23,28,22,36.4,25
2021-06-13,36,23,35,25,37,27
2021-06-14,34,23,35,26,36,26
2021-06-15,34,24,37,26,35.6,25
2021-06-16,35,24,29,24,36.2,24
2021-06-17,34,21.6,32,26,35,22
2021-06-18,34,22.6,29,25,33.6,23
2021-06-19,31,24,30,25,33.6,22
2021-06-20,31,23.4,33,26,28.4,22
2021-06-21,33,23.8,33,26.2,28.6,22
2021-06-22,34,25,37,27,31.4,22
2021-06-23,33,22.8,31,25,29.6,22
2021-06-24,33,23.2,28,24,29,23
2021-06-25,32,22.8,31,23,32.6,23.4
2021-06-26,35,24.4,34,25,31,22
2021-06-27,33.6,23,33,26,31,22
2021-06-28,34.6,24,35,26,32.6,22
2021-06-29,35,24,35,28,33.8,22.6
2021-06-30,34,26.2,36,26,33,24
2021-07-01,33,26,35,26.5,32,24
2021-07-02,34,25.6,33,27,33,23
2021-07-03,34.6,25,35,29,33.6,24
2021-07-04,35.4,25.2,34,27,32,23
2021-07-05,35,26,36,27,31,22
2021-07-06,36.2,25.8,35,26,32,23
2021-07-07,37,27,37,28,35.6,24
2021-07-08,30,24,29,26,34.2,24
2021-07-09,31,24.4,32,25,32.4,24
2021-07-10,35.2,24,34,26,31.6,23
2021-07-11,32,25,35,27,29.6,24
2021-07-12,33,25.2,35,28,33,22
2021-07-13,34,25.6,33,28,32.6,24.6
2021-07-14,34.4,25,35,28,29.8,25
2021-07-15,33,25,34,28,33,24
2021-07-16,33,27,34,28,32.6,24
2021-07-17,36,26,36,28,33,23
2021-07-18,33,26,32,28,32,23
2021-07-19,31.2,25,32,27,30.6,23
2021-07-20,28,25,29,26,28.4,22
2021-07-21,30,25,31,25,27,22
2021-07-22,29.4,24.4,28,24,29.4,23
2021-07-23,24.4,23,29,25,25.6,23
2021-07-24,27,23.4,27,24,27.2,23
2021-07-25,25,23.8,28,24,24.8,22
2021-07-26,26,23.8,26,24,25,21
2021-07-27,25,23,25,24,26,21
2021-07-28,27,22.8,27,24,25.4,21
2021-07-29,25.2,23.4,27,24,25,21
2021-07-30,25,23,25,23,24.6,21
2021-07-31,26.4,24,25,23,24,21
2021-08-01,25,23,25,23,25.4,21
2021-08-02,24,23,26,23,24.4,20
2021-08-03,26,23,26,24,25,21
2021-08-04,25.4,23,27,24,26.4,21
2021-08-05,24,23,26,24,25,23
2021-08-06,25,23,26,23,26,22.8
2021-08-07,25.2,23.4,27,24,24,22
2021-08-08,28.6,23,28,24,28,22
2021-08-09,29,24,27,25,26.6,23
2021-08-10,28,23.6,27,25,29,22
2021-08-11,29.6,23.2,30.2,24.4,28.6,22.4
2021-08-12,30.4,23,32,26,27,22
2021-08-13,31,22.6,32,26,28.6,22
2021-08-14,30,23,33,25,29.2,22
2021-08-15,30.4,23,33,27,29.4,22
2021-08-16,32,23.4,32,26,31,22
2021-08-17,31.4,24,33,26,27.4,23
2021-08-18,27.8,23,29,25,25.2,23.6
2021-08-19,27,23,27,24,25,22.4
2021-08-20,27.2,23,29,24,27,22
2021-08-21,30,23.6,31,26,25,22.8
2021-08-22,30.2,24,31,25,27.2,23
2021-08-23,29,24,31,25,28,23
2021-08-24,29,23,33,27,28.6,23
2021-08-25,30,23.2,31,25,29,23
2021-08-26,29.4,22,33,26,28,22.8
2021-08-27,30.4,23,32,25,30,22.6
2021-08-28,30,23,30,28,30,23
2021-08-29,30.4,23,31,26,28,23
2021-08-30,28,23.2,33,26,29.4,24
2021-08-31,30,24,33,26,28,24
2021-09-01,30.4,23.8,33,25,29,23.6
2021-09-02,30.6,23.6,32,25,30,23
2021-09-03,31,24,33,26,NA,NA
2021-09-04,29,24,32,24,30.6,23.6
2021-09-05,28,23,32,25,29.4,24
2021-09-06,31,22.6,33,26,30.6,23.2
2021-09-07,32,25.6,31,25,32,24
2021-09-08,28.8,25,28,25,28.4,24
2021-09-09,27,24,29,26,29,24
2021-09-10,27.4,23.6,28,24,29,23.6
2021-09-11,30,24,30.2,24,29,23
2021-09-12,32,24,32,26,29.2,23.4
2021-09-13,29,24,31,25,32,23.8
2021-09-14,31,24,31,25,30,23.8
2021-09-15,28,24,27,25,28,22.6
2021-09-16,30,23,25,23,24.2,22
2021-09-17,29.8,22.2,27,24,27,22.4
2021-09-18,26.2,22,31,25,25.8,22
2021-09-19,29,23,32,25,27,22.4
2021-09-20,30,23,33,24,29,22.6
2021-09-21,31,23,31,24,27,21.8
2021-09-22,32,23,32,25,30,22
2021-09-23,36,24,31,25,31,21
2021-09-24,31,23,32,24,31.2,21.8
2021-09-25,30,23,32,24,28,22
2021-09-26,30,23,31.2,24,31,22
2021-09-27,38,23.8,32,25,30,21.4
2021-09-28,30,24,32,25,30.2,22.8
2021-09-29,30,23.6,32,25,27.4,22.6
2021-09-30,31,23.8,32,28,31.8,21
2021-10-01,32,23,32,25,31.4,22
2021-10-02,32,22.6,33,26,31,21
2021-10-03,31,24,34,25,32,21.8
2021-10-04,34,22,34,25,31,21
2021-10-05,34,24,33,26,32,23
2021-10-06,34,23.8,33,25,32.2,23
2021-10-07,34,23.6,33,26,33,22
2021-10-08,34,22.6,34,25,33,23
2021-10-09,33,21.4,34,27,32,22
2021-10-10,34.2,21,33,23,31.4,24
2021-10-11,34,22,34,23,33,23.4
2021-10-12,34,20.4,33,25,32,21
2021-10-13,34,19.6,34,25,33,21
2021-10-14,32.4,19,33,25,31,19
2021-10-15,32,16.6,32,26,37,17
2021-10-16,32.2,19,33,25,32.4,20.8
2021-10-17,32,22,31,25,28.6,22
2021-10-18,27.5,22,32,25,28.4,21.6
2021-10-19,28.8,22,30,23,30,18
2021-10-20,30.4,20,30,22,31.4,18
2021-10-21,31.2,17.8,31,24,31.6,18
2021-10-22,32.2,17,31,20,30.4,18
2021-10-23,29,18,30,27,30.4,18
2021-10-24,31,16.6,31,21,28.6,18
2021-10-25,30.4,17.2,30,21,29.6,16
2021-10-26,29,16.8,30,21,29,19
2021-10-27,29,18,30,21,28,19
2021-10-28,28.2,14,30,21,28.2,15
2021-10-29,28,14.6,28,20,27.8,17.4
2021-10-30,29,15,28,19,28,13
2021-10-31,29,13.8,28,18,28.6,15
2021-11-01,30,14.2,28,17,29,15
2021-11-02,29,13.8,30,19,29,15
2021-11-03,29.4,13,29,18,28.6,14
2021-11-04,29.6,15.4,29,18,29,14
2021-11-05,30,13,29,19,30,14.8
2021-11-06,29,13,29,17,28.2,14.5
2021-11-07,28.2,12.8,28,17,29,14.6
2021-11-08,30,13.8,28,17,29,15.4
2021-11-09,29,14,29,17,29,16
2021-11-10,28.2,13.8,27,17,28.8,15.2
2021-11-11,27.4,12.8,28,17,28,14.8
2021-11-12,27.6,12,28,16,27.6,15
2021-11-13,27.4,13,26,20,27.2,15
2021-11-14,28,14.2,29,16,28,14
2021-11-15,27,14,28,17,28,14.4
2021-11-16,27,14,27.4,16,27,15.6
2021-11-17,27,14.4,28,18,28,16.4
2021-11-18,28.8,17.4,29,18,29.8,18
2021-11-19,27,18,28,19,27,16
2021-11-20,26.4,18.6,29,19,28,17.6
2021-11-21,30,19,28,20,29,18.6
2021-11-22,29.4,19,29,21,30,20
2021-11-23,29,16.2,29,20,29.8,18
2021-11-24,29.4,16,29,18,29.4,17
2021-11-25,29,15,29,17,29,16
2021-11-26,28.2,13.4,27,17,29,16
2021-11-27,29.6,13,29,15,29,16
2021-11-28,28,14,29,16,27,15
2021-11-29,26.6,13,29,18,26.6,15
2021-11-30,25,12.4,28,16,26,13
2021-12-01,23,16,27,16,22,14.6
2021-12-02,20.4,16.4,27,15,16,13
2021-12-03,24.2,15,23,17,22,13.6
2021-12-04,26,14,26,15,26.2,13
2021-12-05,27,15,27,15,27.2,16
2021-12-06,26.4,15,27,16,25,14
2021-12-07,24.2,15.2,27,17,24.6,16
2021-12-08,25,13.2,27,16,24.8,12
2021-12-09,24.6,15,26,17,24,16
2021-12-10,24.4,14,26,16,24,14
2021-12-11,24.6,12.4,25,15,26,12
2021-12-12,26,11,26,13.8,26,12.4
2021-12-13,25.6,14.6,25.2,11,26.8,13
2021-12-14,25.4,15.4,25.7,13,26,14.4
2021-12-15,27.4,15,27,14.2,26,14
2021-12-16,27.4,15.4,27,13.4,27,16
2021-12-17,24,13,26.6,15,21.8,13
2021-12-18,19,8,21,11.4,19,12
2021-12-19,20.4,5.2,20,6.6,20.5,7
2021-12-20,23.5,4.6,22.2,6.4,23,7
2021-12-21,23.4,7,22.6,6.6,25,7
2021-12-22,25,8.2,25,7,26,10
2021-12-23,26.2,9.8,25,8.4,27.4,13
2021-12-24,25.4,11,27.6,10.6,24.8,13
2021-12-25,24,12,25.4,14.6,24.4,12
2021-12-26,26.6,11,26,11,25.4,12
2021-12-27,25,11.2,25.4,13.2,25.8,14
2021-12-28,16.6,13.6,20.4,13.4,18.6,13
2021-12-29,18,12.4,17.4,13,18.4,12
2021-12-30,19,8,19,11.2,19.4,9
2021-12-31,19,10,18,9,21,10
2022-01-01,21,12,20,10.6,24,10
2022-01-02,23,11.4,22,11,25,13
2022-01-03,23,11,21.6,10,26,13
2022-01-04,26.4,9.8,23.6,10,27,13.6
2022-01-05,26,12.4,26.8,11,26.6,16
2022-01-06,27,15,28,15.4,22,15
2022-01-07,22,15,24,15,23.8,14.8
2022-01-08,24.4,15,26.6,14.4,23.4,15
2022-01-09,19,13.6,19.8,17,18.6,12
2022-01-10,19,9.4,21.6,16.4,18.4,9
2022-01-11,18,9,18.6,15,13.4,8
2022-01-12,20.4,8.4,20,13.4,18.4,6
2022-01-13,20,8.8,21,12.2,21.8,6
2022-01-14,19,9,19.2,11.5,20,9
2022-01-15,19.8,10,17,12,20.4,9
2022-01-16,16.4,8,21,11,22,8
2022-01-17,22,7,20,9,24.2,9
2022-01-18,22,8,21,9,23.2,10
2022-01-19,23,6,20.6,7.8,25,8
2022-01-20,25.8,10,25.2,9,26,13
2022-01-21,25.4,12,25.2,12,25,12
2022-01-22,24,14,24.4,13.2,21.6,15
2022-01-23,20.2,13,22.2,13,18.6,12
2022-01-24,18,9,20,13,18,7
2022-01-25,18.2,6,22,10.6,18.4,6
2022-01-26,18.4,6,19.2,8.2,18.6,6
2022-01-27,19.4,6,19,7.6,18.6,8
2022-01-28,20.6,6,20,7.4,21,6.8
2022-01-29,24.4,6,22.4,7.6,24.4,8
2022-01-30,28,8,25.4,9.4,26.8,10
2022-01-31,25.4,10,26.6,10.6,25,10
2022-02-01,28,10.6,26.6,12.2,26.4,11
2022-02-02,28.6,12,27.4,14,27,12
2022-02-03,27.8,15,29.2,15,25,13
2022-02-04,23.8,10,22.6,13,23.2,7
2022-02-05,24,8.6,25,10.4,24,10
2022-02-06,26.9,9.4,25,10,27.2,9
2022-02-07,28.6,11,26.4,10.5,26.6,9
2022-02-08,29,11,29,13.4,25.8,13
2022-02-09,27,14.8,25,16,25,13
2022-02-10,22.4,12,20,13.6,23,13
2022-02-11,22,8.6,22,10,22.4,10
2022-02-12,24.8,9,24,10,24.8,9
2022-02-13,26.4,8,25,10,27,9
2022-02-14,28,12,25.4,11.2,28,11
2022-02-15,28.4,14,25,14,25.6,12
2022-02-16,26.2,13.4,26,15,26.4,12
2022-02-17,26.6,13,26.6,14.6,27,13
2022-02-18,28,13.6,27.2,12,28.2,15.6
2022-02-19,29.4,16.8,26.2,15.8,29,16
2022-02-20,27.4,13,27,16,27,15
2022-02-21,29,13,29,15,29,12.6
2022-02-22,32.6,14.6,30.2,15,33,15
2022-02-23,32,15.8,32,16.8,30,17
2022-02-24,30.4,16.6,31.6,20.2,28,14
2022-02-25,29,16,29,17,30,16
2022-02-26,32.4,18,32,15.8,32.4,13
2022-02-27,32.2,15,30.2,19.4,31,14
2022-02-28,26.4,15,28,17.6,28,16.8
2022-03-01,29.4,15,29,17.6,29,15
2022-03-02,30.8,14.2,30,15.4,32,15
2022-03-03,32.2,16,31,17.2,30.4,16
2022-03-04,30,15,33,17.6,29.8,16
2022-03-05,29,15,29.2,18.2,29,16
2022-03-06,31,13.2,30,14.8,31.4,15.8
2022-03-07,32.6,18.6,33,16.4,31.8,17.8
2022-03-08,30.6,18,27.6,18,29,19
2022-03-09,31.6,16,31.6,17.4,30,17
2022-03-10,31,15,34,19.8,31,15
2022-03-11,31.8,17,31,19.2,31,18
2022-03-12,33.4,16,31.8,17.4,32,17
2022-03-13,34,15.6,33.4,18,33,16
2022-03-14,35,18,35.2,18.4,34.8,16
2022-03-15,37,18.6,36.2,20.8,36,19
2022-03-16,38,19.4,38.4,22.2,37,21
2022-03-17,37.8,19,37,22.4,37.6,19.6
2022-03-18,37.6,20,36,21.6,37.8,21
2022-03-19,36.6,22,37.2,22.6,37,19
2022-03-20,37,19.8,38,24,37.4,21
2022-03-21,37,22,38.4,24.4,36,20
2022-03-22,38.4,19.6,37,22,36,20
2022-03-23,36.6,20.4,38,21.4,36.6,21
2022-03-24,37.6,24,37.2,24.4,36,23
2022-03-25,36,24,36.4,26,34.6,20
2022-03-26,37.6,21.2,38,24.4,36.6,22
2022-03-27,37,19,38,21.8,37,21
2022-03-28,39,20,39,22.6,37.2,20
2022-03-29,39.4,19.8,39.4,22.4,38.6,20
2022-03-30,40,20.2,40,23,37.8,20
2022-03-31,39.5,20,40.2,23,38,21
2022-04-01,39.8,21,41,25.2,38,20.8
2022-04-02,39.4,22,41,23.6,38.8,21
2022-04-03,40,21.6,41,22.6,38,23
2022-04-04,39.8,21.6,41,24.4,39,22
2022-04-05,40,23,41,22.8,39,21
2022-04-06,40,21.6,41,23,39,22
2022-04-07,39,22,41,23,39.7,22
2022-04-08,40.6,23,41.5,22.7,40,23
2022-04-09,41,22.2,41,25.7,40.5,25
2022-04-10,41.6,24,42,27.5,39.5,23
2022-04-11,41,24,42,27,39,20
2022-04-12,39.6,24,41,27.5,37.5,22
2022-04-13,39,25,40.5,27.5,38,22
2022-04-14,39,23.6,40.5,29,39,20
2022-04-15,39.7,22,41,26.7,38.6,22
2022-04-16,40.6,23,41,27.7,38.8,23
2022-04-17,39.4,25,41,25,39.4,22
2022-04-18,40,26.6,42,25.6,39.4,21
2022-04-19,40,25,42.2,28.4,39,21
2022-04-20,42.4,23.6,42,27.6,39.4,22
2022-04-21,34,28,40.4,26.4,31.6,23.4
2022-04-22,38.4,22.2,40,29.2,38,23.2
2022-04-23,40.2,26.2,41,28.2,39.4,23
2022-04-24,40.2,25.4,42,25.8,39,22
2022-04-25,41,25,41,25.6,39.6,21
2022-04-26,41,24,41.6,25,40.6,24.4
2022-04-27,42.4,23.5,42,25.6,41,23
2022-04-28,43,24.6,42.2,26.2,41,25
2022-04-29,42.8,27,43.6,28.4,41,24
2022-04-30,41.4,26.2,43,30.6,40,24
2022-05-01,42,27,43,28.6,40.8,27
2022-05-02,40.4,27.8,42,28.2,40.4,26
2022-05-03,41.8,25.6,42,28,39,24
2022-05-04,40.2,26,43,28.4,39,22
2022-05-05,40.6,27,42,29,39,23
2022-05-06,41,25.4,41,27,39.8,25
2022-05-07,40.4,29,41,28.4,39.8,26
2022-05-08,41.6,25.6,42,28.4,42,25
2022-05-09,42.4,26.4,42,28.2,42.4,24
2022-05-10,41.2,29.4,41,26.6,41.6,26
2022-05-11,42,28.6,41,29.8,42,25
2022-05-12,43.2,28,42,30.8,42.8,28
2022-05-13,43.6,27.2,43,29.2,42.4,27
2022-05-14,43,30,43,30,41,26
2022-05-15,43,29,43.2,32,41,27
2022-05-16,41.6,29,39.2,31.6,39.6,24
2022-05-17,42.2,26,41.6,30,40,26
2022-05-18,41.2,27,42.4,29.6,39.4,24
2022-05-19,42,28,41.4,29.6,41,26
2022-05-20,44,29,43.2,30.6,41.4,27
2022-05-21,41.6,30,41.4,32.6,38,26
2022-05-22,39.8,27,40,29.6,36.4,25
2022-05-23,38.8,26.8,38,24.6,37.2,25
2022-05-24,38,20,35,23.4,37,26
2022-05-25,38.8,27,36,25.6,39,27
2022-05-26,40,28,38.6,24.6,38,26
2022-05-27,39,27.6,38,26,37.6,26
2022-05-28,38.6,28,39,26.8,36.6,26
2022-05-29,39,28.4,40,26,37,25.6
2022-05-30,40.8,28.4,39.6,29,38.4,26
2022-05-31,41,29.6,42,28.4,39.4,26
2022-06-01,42,29,42,29.4,39.8,27
2022-06-02,42.4,29.8,43.2,30,40,27.4
2022-06-03,42.6,30.6,44.4,30,40.4,27.8
2022-06-04,41.4,30,44,31,40,28
2022-06-05,42,29,44,31.4,40.2,26
2022-06-06,42.6,30,43.2,30.6,40.4,27
2022-06-07,42.8,29,43.4,30.6,39.8,26
2022-06-08,42,31,43,32,37.4,27
2022-06-09,40.4,30.8,41.4,32,39,28
2022-06-10,40.6,30,41,31,40,27
2022-06-11,40.4,26.2,40.2,31.4,38,23
2022-06-12,32.4,24.8,40,28.8,33.4,23
2022-06-13,37.4,26,39,30.2,33.6,23.6
2022-06-14,37.8,26,39.4,30,34.6,23.8
2022-06-15,38.4,28,40.8,25,36,24
2022-06-16,38,25,31,24.4,35.8,24
2022-06-17,36.6,22,32.8,24,35,25
2022-06-18,33,25,34.6,24,35,25
2022-06-19,33,23,33,22.6,35,24.6
2022-06-20,33.6,22,33,22.2,34.6,25
2022-06-21,32,23.4,32,23,32,21.6
2022-06-22,35.4,22,36,25,34,24
2022-06-23,35.6,23.4,36,27.4,35,22
2022-06-24,37,23.6,35,26,33,22.4
2022-06-25,37,25.4,34,26.4,35,23
2022-06-26,37,28,34.8,25,35,25.2
2022-06-27,35.2,26,35,26.4,33,25
2022-06-28,34.6,26.6,36,27,32.4,25
2022-06-29,33,26,36,23,32,25
2022-06-30,27.4,25,32,24.6,28.6,24
2022-07-01,31.6,24,32,25.6,31.4,24
2022-07-02,34,25,32,25,31,23.8
2022-07-03,32.4,24.6,30.5,24.7,32.4,23.8
2022-07-04,27.4,23.8,31.5,25,29,24
2022-07-05,32,23,32,25,25,23
2022-07-06,31,24,29,26,32,23.4
2022-07-07,28,24,31.7,25,28.2,23
2022-07-08,31.4,25,33,26,28,24
2022-07-09,31,23,33,25.2,29.8,23
2022-07-10,32.2,22,33.7,25.2,29,22
2022-07-11,25,22.6,33.2,24.7,28,22.2
2022-07-12,30,24,33.7,25,26.2,23
2022-07-13,32,23,33.5,27.2,26.4,22
2022-07-14,30,23.4,31.6,26,29,23.4
2022-07-15,27,23.6,30.6,25,29,23
2022-07-16,31,23,33,25,31,23
2022-07-17,29,25.5,33,26.5,30,23.7
2022-07-18,31.6,24,33,25.5,25,23
2022-07-19,29,24,29,25,24,22.5
2022-07-20,26,23.7,29,24.5,26.8,22.7
2022-07-21,26.8,23.8,29,25.6,28,23
2022-07-22,26,23.8,31.7,25,28.5,23.5
2022-07-23,26,23,32,25,27,23
2022-07-24,25.4,22.8,31,25,25,23
2022-07-25,25.4,23,29,24,26.2,22
2022-07-26,27.2,23,29,24.6,26,23
2022-07-27,30,23,30.4,24,28,22.8
2022-07-28,29.6,24,31.8,25,29,22
2022-07-29,31.4,24,30,24,30.2,23
2022-07-30,31.2,24,30.4,24.8,29,23
2022-07-31,32,23,32,25.4,29,22
2022-08-01,30.4,23.6,33,26.4,29,22.4
2022-08-02,32,23,32.6,26,28,22.8
2022-08-03,33,24,33.8,27,32,23
2022-08-04,31.2,25,31,26,31.4,23
2022-08-05,33.2,24,34,25.8,31,22.4
2022-08-06,33,23,34,24,30.2,22
2022-08-07,30,25,31.2,25,30,23.2
2022-08-08,29.6,24,32.7,25,30,23
2022-08-09,29,23.6,33,26,30,23.6
2022-08-10,29,24,30.2,25,25,23
2022-08-11,26,23.8,27,24,27,23
2022-08-12,30,24,30.5,24.6,29,23
2022-08-13,28.4,23,29,24,28,23
2022-08-14,27.6,23.4,27,24,28,23
2022-08-15,25,23,26,23.6,26,23
2022-08-16,25,22,29.2,23.6,24,22
2022-08-17,28,23,30.5,25,28.4,22
2022-08-18,29,22.8,32.7,25.2,28.8,22
2022-08-19,29.8,23,30,25,27.4,22
2022-08-20,29,22,27.5,23.7,26,22.8
2022-08-21,24.4,22,25,24,26.2,23
2022-08-22,22.4,21,27,23,23.4,22
2022-08-23,26,22.4,30,23.5,26.4,22
2022-08-24,29.4,22,32,24,29,22
2022-08-25,26,22.8,30,24,29.8,21
2022-08-26,30,22,30.6,24.6,30,22
2022-08-27,29.4,22.8,32,25,29.4,20
2022-08-28,29,23,31,24,30,22
2022-08-29,30,24,30,24,30,22
2022-08-30,31,23,32.5,24,31,24
2022-08-31,32,23,33,25.7,32,23
2022-09-01,31,24,32.5,23.2,28,22
2022-09-02,31.6,23,33.2,23.6,33,22
2022-09-03,33,24,34.4,25,32,23
2022-09-04,31,23,28,24,29,23.8
2022-09-05,31,23,31.2,24,29,23
2022-09-06,32,24,32.5,24.7,32,21
2022-09-07,32.6,23.6,31.5,25.5,32,23
2022-09-08,32,25,32.2,25.6,31.4,23
2022-09-09,33,25,33,25,32.8,24
2022-09-10,32,25,33,25.6,32,24
2022-09-11,33,25,32,25.6,30.6,23
2022-09-12,31.4,25,30,25,29,23
2022-09-13,27.8,23,26,24.7,29,22.8
2022-09-14,26,23,29.5,24,26,22
2022-09-15,27,23,30,24,27,23
2022-09-16,25,22.6,27.5,24,25.2,23
2022-09-17,29,23,29,24.5,30,22
2022-09-18,31,22,32.2,24.5,31,21
2022-09-19,32,22,32,23.6,33,21
2022-09-20,32,23,32,25,31,22
2022-09-21,30,22,29,24.6,30.6,21.7
2022-09-22,26.5,22.7,29,24,27.5,22.7
2022-09-23,23,22,29,23,24.5,20.6
2022-09-24,29,22,28,23,29,21
2022-09-25,29,21,31,23.6,30,20
2022-09-26,31,22,32,24,32,20
2022-09-27,32.2,22,32,23.6,33,20
2022-09-28,32.7,23,33,24.2,32,22.7
2022-09-29,33,23,32,23.2,33,22
2022-09-30,33,22,33,23.5,35,21
2022-10-01,34,22,33,24,33,21
2022-10-02,33,22,33,23.7,31.6,20
2022-10-03,33,21,32.5,23.6,32,20
2022-10-04,31.6,21,28,24,32.2,20
2022-10-05,29.6,23,29.7,24,31.6,23
2022-10-06,30.6,22.4,31.8,24.4,27.4,23
2022-10-07,29.4,22.2,30.2,24.6,27.2,22
2022-10-08,29.4,23.2,32,24.2,27,22.6
2022-10-09,30.6,23.8,32.8,24.6,30,22
2022-10-10,30,23,32.4,21,29,22
2022-10-11,29,21,29,22,32.4,22
2022-10-12,31,22,31,23,33,23
2022-10-13,30.4,19.6,30,22.4,31.2,20
2022-10-14,30,18.8,30,19.6,31,21
2022-10-15,30,17.4,30,17.8,30,18
2022-10-16,30,16,29,19.6,30.4,18
2022-10-17,30,19.6,29.6,22.4,30,20.6
2022-10-18,31,20,30,19.6,30.6,20.8
2022-10-19,31,18,30,17,31,20
2022-10-20,30.6,17,31,16.2,32,19
2022-10-21,31,19.2,30.4,17.8,30,20
2022-10-22,31.4,16.4,30.2,18,30,17
2022-10-23,31,16,30,18.4,31,16
2022-10-24,30,15,29,17,30.6,16
2022-10-25,30.6,15,29.6,17,32,17
2022-10-26,32.8,16.2,31,17.2,32,16.8
2022-10-27,32,16.8,31.4,17.4,31.4,16
2022-10-28,32,16.2,31,17.5,31.2,18.4
2022-10-29,32,16,31,17,32,16
2022-10-30,30.2,17,29,16.6,31,16.8
2022-10-31,29,14.4,29,15,29.4,17
2022-11-01,29.4,14,29,16,29.4,14
2022-11-02,31.6,15,30,16,31,16
2022-11-03,32.6,16.4,32,18,32,17
2022-11-04,33.4,17,32,18,33,18
2022-11-05,34,18.4,32.2,18.6,33,18
2022-11-06,33,18,32,17.6,33,18
2022-11-07,32.4,17.4,30.4,16.4,33,19.6
2022-11-08,32.2,18,30.2,16.8,32,19
2022-11-09,31,18.2,29.4,16,31,20
2022-11-10,30.6,17.6,30,16.8,31,18
2022-11-11,29.2,17.8,29.2,17.4,30,18
2022-11-12,28,14.8,28.2,16.2,28,16
2022-11-13,28,14.6,28,14.4,28,15
2022-11-14,29.4,14.4,29,12,29,15
2022-11-15,30,13.4,30,12.4,29,17
2022-11-16,30.6,15,30,14.4,29.4,14
2022-11-17,27.2,15.6,27,14.6,28,15
2022-11-18,26,11.4,26.2,12,26.2,14
2022-11-19,26,11,25.6,11,26,13
2022-11-20,25.4,11,25,10,25,11
2022-11-21,26,10.8,26,11,26,13.4
2022-11-22,26.6,11.6,27,11.4,27,11
2022-11-23,27,11.2,26.8,11,27,12.4
2022-11-24,27,12.8,26.2,11,27,12
2022-11-25,26,11,27,9.8,28,12
2022-11-26,27.4,11,27,9.5,27.6,12
2022-11-27,28,11.2,27,11,28,12.8
2022-11-28,28.6,10.5,26.6,10.6,28,12.6
2022-11-29,27,13,27.2,11.4,27,13
2022-11-30,26,14,28,11.4,27,11
2022-12-01,26,13.2,26.2,11.8,26.2,12
2022-12-02,27.6,11.6,27,12,27.4,12
2022-12-03,27.4,13,27,13,27.4,14
2022-12-04,28.4,15,27,12.4,28,14
2022-12-05,28,15,26.2,12,29,17
2022-12-06,25,15,27,13.8,27,16
2022-12-07,24.8,13.2,25,11,25.2,14
2022-12-08,25.2,9.6,23.8,9,25,10
2022-12-09,26,12.4,25.2,8.8,25.6,11
2022-12-10,27,11,27,10,26.6,10
2022-12-11,28.4,13.6,28.4,11,28,13
2022-12-12,27,17.4,27.2,17.4,28.2,19
2022-12-13,18,17,25,18.8,25.4,19
2022-12-14,23.8,16.6,27,15.4,26,18.8
2022-12-15,27,16.8,28,16.4,27,17
2022-12-16,27.6,17.6,28,14,29,20
2022-12-17,26.4,15,27,11.2,29,18
2022-12-18,25,12,26,9.6,27,16
2022-12-19,25.6,11,26,9.8,26.6,13
2022-12-20,26.4,11,26,10.6,28,12
2022-12-21,28,15,26,10.8,28.4,15
2022-12-22,30.2,12.8,28,10.6,29,16
2022-12-23,27,15,30,13.4,27,15
2022-12-24,24,13,28.2,13.8,25,10
2022-12-25,22.4,12,23.4,15.4,23,10
2022-12-26,23,11,25,13.8,25,11
2022-12-27,22.6,12.6,24,13,24.6,11
2022-12-28,23.6,9,24,11.2,24.4,11
2022-12-29,28,10,26,9,28,11
2022-12-30,27.6,13.4,28.6,10.4,26.4,14
2022-12-31,24,12,26,13,24,11
2023-01-01,22,11,25,10.6,24,10
2023-01-02,20,8,20,9.6,22,8
2023-01-03,16,8,18,9,21.4,9
2023-01-04,17.4,7,16,11,19,7
2023-01-05,19,7,20,9,19,8
2023-01-06,22,7,22,8,24,10
2023-01-07,22.6,8,21.2,5.6,25,10
2023-01-08,23.4,6,23,5,24,10
2023-01-09,24,8,25,6.2,24.6,9
2023-01-10,25,9,25,9.6,25.4,8
2023-01-11,26.4,9.6,27,8.2,26.4,10.6
2023-01-12,25.2,10.4,27,10.8,25.2,11
2023-01-13,24.2,13,26.2,12.6,23.6,13
2023-01-14,21.4,9,26,14,21,8
2023-01-15,19,6,20,9.4,21,8
2023-01-16,20,7,20.4,7.6,22,7
2023-01-17,21,7,19,9.8,22,8
2023-01-18,21,8,22,7.4,23,7
2023-01-19,21.2,7,21.6,8,25,9
2023-01-20,27.8,12,28.4,10.2,28,11
2023-01-21,27.6,12,27.6,15.6,28.2,11
2023-01-22,25.4,13,29.2,15.6,24,11
2023-01-23,27,14,29.2,14.8,26.2,13
2023-01-24,27.8,16,29.4,14.4,25,13
2023-01-25,21.2,14,28.6,17.2,22,15
2023-01-26,19.4,16,26,16.6,17.6,14
2023-01-27,20,15,23,15.6,22,15
2023-01-28,24.8,13,25,13.8,28.2,12
2023-01-29,28.2,15.4,29,13,28.2,15
2023-01-30,21,14,30.6,15,23,14.6
2023-01-31,22,13,24.2,14.4,22,11
2023-02-01,22,11,23,10.8,23,10
2023-02-02,24,6,23,7.8,26,8
2023-02-03,27.2,8,26,9,27.6,10
2023-02-04,26.6,10.8,28,9,26,12
2023-02-05,27.6,10.8,28,10,28.8,12.4
2023-02-06,29,14.8,30,11.6,30,13
2023-02-07,27,13,29,11.8,26.8,12
2023-02-08,26.4,11.4,27,11.6,27,11
2023-02-09,29.4,12,28,10.8,30,13
2023-02-10,31,15.2,32,13,31.2,15.2
2023-02-11,29,14,31,14,29.2,15
2023-02-12,26.4,13,27.4,13.4,28.4,12
2023-02-13,24.8,9,26,11.2,26,12
2023-02-14,26.8,10,26.4,10,29,12
2023-02-15,29,12.6,28,13.6,30.4,12
2023-02-16,30.4,15.4,31,12.8,31.6,14
2023-02-17,29.8,13,27,13.6,30.4,13
2023-02-18,29.6,13.6,29,13.4,30,13
2023-02-19,31.2,14,31,14.4,32,13
2023-02-20,34,16,32.2,15,34,17
2023-02-21,34.8,15.4,33,16.4,33,15
2023-02-22,30.2,12.8,33,16.2,30,13
2023-02-23,32,16.8,33,15.4,31,15
2023-02-24,33,15,32,15.6,33.4,15
2023-02-25,33,14,32,16.6,31.4,15
2023-02-26,32.6,17,32,15.4,32.6,15
2023-02-27,32,17,32,15.4,33,12
2023-02-28,33,18,33,16,33.8,17
2023-03-01,33.8,19,33,17,33,17
2023-03-02,33.2,18.6,33,18.4,34,16
2023-03-03,34,22.4,33,20,33.4,19
2023-03-04,33.6,18.6,33.4,16,34,20
2023-03-05,28,20.2,31.2,18,30,19
2023-03-06,31.4,16.2,33,16.6,32,19
2023-03-07,27.2,16.4,24.2,17,30,16
2023-03-08,30,16.4,30,14.4,32,18
2023-03-09,29,16,31,16.6,30.6,14
2023-03-10,30,15,31,15.6,30.8,15
2023-03-11,31,18.2,32,17.2,32,18
2023-03-12,32.6,17,33,16.4,33,17
2023-03-13,34,18,34,17,34,19
2023-03-14,33,18,33,17,33,20
2023-03-15,32.8,19.6,34.2,18.4,34,19
2023-03-16,31.6,21,29.6,21,31,18
2023-03-17,31.6,19,32,19.8,30,19
2023-03-18,31,18.6,29,19.2,31,16
2023-03-19,28,17,30,18.6,29.8,17
2023-03-20,28.4,16,29,17.4,28,16
2023-03-21,30.8,17,31,18.8,30,16
2023-03-22,29.6,19,31.4,18,31,16
2023-03-23,31,18.8,32.4,17.6,30.4,16
2023-03-24,33.6,20,34,19.4,32,17
2023-03-25,32.6,19,34,22.2,32.4,17
2023-03-26,32.6,18,34.6,22.6,32,16
2023-03-27,34,17,34,19.4,33,17
2023-03-28,34,20,35,20.4,34,17
2023-03-29,36.2,20.6,35.4,22,35,19
2023-03-30,36.2,19,36,20.2,33,20
2023-03-31,31.2,19.6,31,21.8,31.2,17
2023-04-01,20,20,19.2,19.2,20.2,18
2021-03-15,NA,NA,34,17,35.6,12
2021-05-07,NA,NA,38,30,38.4,25
