time_s,MAX_ba,Min_ba,MAX_pat,Min_pat
2020-01-01,16.4,3,18,2.2
2020-01-02,20.6,4.4,20.2,6.2
2020-01-03,20.8,6.6,22,7
2020-01-04,19.4,5,19,5.6
2020-01-05,18,5.6,19.4,7.8
2020-01-06,14.4,9,14,11
2020-01-07,16.4,10.2,13.4,12
2020-01-08,14,7.6,13.6,8.2
2020-01-09,13.2,4,14,6.8
2020-01-10,16.8,4.6,17.6,6.2
2020-01-11,17.4,6.4,18.6,6.2
2020-01-12,20.6,7.6,17.6,10
2020-01-13,17.4,12.2,14,9.4
2020-01-14,14.6,5,14,7.8
2020-01-15,14.4,3.8,13.2,6
2020-01-16,12.4,6.6,14,8
2020-01-17,14.4,6.4,12.6,8.6
2020-01-18,11.6,5.6,17.4,8.8
2020-01-19,10,6.4,16.4,8.2
2020-01-20,14.2,7,16.6,9
2020-01-21,14.8,7,18.6,9.6
2020-01-22,18.4,4.6,20,7.4
2020-01-23,18.4,7.6,17.8,7.4
2020-01-24,19.4,7,19.6,7.6
2020-01-25,19,4.8,15,6.2
2020-01-26,21.8,6.4,19.8,6.2
2020-01-27,17,9.6,13.4,8
2020-01-28,19,9.8,17,11.6
2020-01-29,17.4,7.4,18.2,9.4
2020-01-30,16.6,7.2,19,8
2020-01-31,15.8,5.8,14.2,7.6
2020-02-01,16.6,4.6,16.4,5.8
2020-02-02,17.8,5,18.4,7.8
2020-02-03,20,4.8,19.6,5
2020-02-04,18.4,5.8,18.4,5.2
2020-02-05,18.7,7.2,19,8
2020-02-06,18.4,5.4,18.4,7
2020-02-07,19.4,7,19,6.8
2020-02-08,21,6.4,17.6,6.2
2020-02-09,21,7.4,20.4,5.6
2020-02-10,20.8,6.4,20.6,6.4
2020-02-11,21,5.4,21,6.6
2020-02-12,23.2,8.4,23.6,11.6
2020-02-13,26.2,11.4,25.8,11.8
2020-02-14,24.2,11.6,22.6,12
2020-02-15,25.4,10.6,23.2,11
2020-02-16,25.2,7.8,25.6,11
2020-02-17,26.2,8.2,24.8,10.6
2020-02-18,24.6,10,25.4,11.6
2020-02-19,26.6,9.4,22.4,11
2020-02-20,26.6,13.8,23.6,15.8
2020-02-21,18.4,13.6,20.6,14.4
2020-02-22,23,12.2,24.4,13.4
2020-02-23,23.4,14.2,25,13.8
2020-02-24,24.4,12.6,24.4,11.6
2020-02-25,24,13.4,23.6,13.4
2020-02-26,26.6,12.4,23,13.4
2020-02-27,26,12.8,22.8,14.6
2020-02-28,25.6,15.6,22.4,14.8
2020-02-29,26,16.4,22.6,15
2020-03-01,25,13,26.4,13.2
2020-03-02,26,14,25.6,14
2020-03-03,26,14,26,13.8
2020-03-04,27.6,14,26.4,13
2020-03-05,23.6,14.6,24.6,15
2020-03-06,18.2,13,19,12.2
2020-03-07,20,12.8,16,12.4
2020-03-08,23.6,11.2,23.6,10.4
2020-03-09,23.4,12.6,23.6,12
2020-03-10,24.4,11.4,24,11.6
2020-03-11,23,15,19.4,14.2
2020-03-12,25,13.4,23.4,15
2020-03-13,22,12.4,23.4,12.4
2020-03-14,22,13.4,14.8,11
2020-03-15,21.4,11.4,22.6,10
2020-03-16,25.2,13.6,25,13.6
2020-03-17,26.4,13,26.6,14
2020-03-18,28,13.8,27,14.6
2020-03-19,29,13.8,27.8,16.4
2020-03-20,29,15.2,28.2,15.6
2020-03-21,29,15,26.4,16.4
2020-03-22,29,16,27.4,14.2
2020-03-23,30.4,15.6,28.8,15.6
2020-03-24,28.6,16,26.8,19
2020-03-26,27.4,16.6,27,18.2
2020-03-27,25.4,17.2,21.4,17
2020-03-28,27,16.4,27,15.4
2020-03-29,28.4,17,27.8,16.6
2020-03-30,27.8,16.4,28.8,16.2
2020-03-31,27.8,16.6,26.6,15.8
2020-04-01,29,16,29.6,15
2020-04-02,27.6,17.6,28.6,17
2020-04-03,27.6,14.6,28.8,13.6
2020-04-04,31,14.4,30.4,15.6
2020-04-05,32.8,17.6,30,16.6
2020-04-06,34.4,18,33,17.2
2020-04-07,30.4,18.8,27,17.4
2020-04-08,31,18.4,29.8,15.2
2020-04-09,32.2,15.2,32,16
2020-04-10,36.4,17,34,18
2020-04-11,34,19.6,35.4,19
2020-04-12,36,19.4,34,18.2
2020-04-13,37.6,20.4,36.6,20
2020-04-14,40.4,20,37.4,21.2
2020-04-15,40.4,23,37.2,25.4
2020-04-16,38.8,22.8,36.4,22.6
2020-04-17,36.4,26,33,22.4
2020-04-18,35,21,33.6,18.4
2020-04-19,35,19.6,33,18.4
2020-04-20,34,20,30.4,18.6
2020-04-21,33.4,18.4,31,16
2020-04-22,35,18.4,32.8,18
2020-04-23,29,22.4,35,20.2
2020-04-24,37,19.6,35.6,20.6
2020-04-25,33.8,24,33.4,20.4
2020-04-26,35.4,22,27.6,20.4
2020-04-27,34.6,19,26.2,19.4
2020-04-28,35.4,21.4,33.6,18.8
2020-04-29,37.4,21.2,34.6,20.4
2020-04-30,39.4,25,36.2,23.6
2020-05-01,41,26,36.6,22.6
2020-05-02,39,25.4,33.6,24
2020-05-03,36.4,21,34,22.4
2020-05-04,33.2,19.4,32.6,19.4
2020-05-05,35.8,24.2,33.8,21.8
2020-05-06,37.6,22.4,34,21.4
2020-05-07,36.8,26,35.2,20
2020-05-08,39.4,21.6,37.4,20.2
2020-05-09,42,23.4,37,22.4
2020-05-10,34.6,26,29.4,21.6
2020-05-11,38.4,22,32.4,20.6
2020-05-12,37.6,22.4,33.6,20.6
2020-05-13,35.6,25.4,32.8,24.6
2020-05-14,40,23.6,34,23
2020-05-15,37,21.4,35.2,22.4
2020-05-16,38.8,22.6,37,22.6
2020-05-17,40,23.4,37.6,23.8
2020-05-18,39.8,22.4,38.8,23.4
2020-05-19,40,22,38.8,20.6
2020-05-20,39,21.8,38.2,21
2020-05-21,42,21.2,40,21.6
2020-05-22,44,22.4,41.2,23.6
2020-05-24,43.4,26,41.8,23.8
2020-05-25,44,25.8,43,26.4
2020-05-26,47,27,44,26.2
2020-05-27,46.2,29.6,42.6,25.2
2020-05-28,43.2,25.6,37,23
2020-05-29,36.4,23.4,29,22.6
2020-05-30,35.6,21.8,33.6,20.8
2020-05-31,32.2,22.4,30.6,21.6
2020-06-01,34,21.4,32,21.4
2020-06-02,34,22.4,31.6,24.6
2020-06-03,35.6,22.4,35,22.2
2020-06-04,37,25.2,35.6,23.4
2020-06-05,35.4,23.4,31.6,22.6
2020-06-06,36.2,25.4,34.2,24
2020-06-07,34,27,31.2,21.6
2020-06-08,39,25.4,34.6,24.4
2020-06-09,41.6,28,37.2,26.6
2020-06-10,43,26.4,35.6,27
2020-06-11,39.4,24.8,39.4,27.4
2020-06-12,42.4,29,39.2,26.6
2020-06-13,39.8,29,36,28
2020-06-14,40.6,27.4,39,26.4
2020-06-15,42.6,28.4,40.2,28
2020-06-16,43,28.4,40,27.6
2020-06-17,42.6,30,38.4,29
2020-06-18,43.6,30.4,40,28.8
2020-06-19,43.2,32.6,38,28.8
2020-06-20,37.2,26.4,37.6,28.6
2020-06-21,36.4,27.4,34.4,27.6
2020-06-22,34.6,26,35,24
2020-06-23,35.8,28.6,36.2,28.6
2020-06-24,37.8,29,34.4,28
2020-06-25,34.6,29.2,34.4,27.4
2020-06-26,34.2,28.4,35.6,26.6
2020-06-27,37.4,28.2,37.2,28.6
2020-06-28,41.4,29.4,38.8,30
2020-06-29,40,31,36.4,28
2020-06-30,39.6,31.4,36,26.8
2020-07-01,40.4,30.6,37.2,29.8
2020-07-02,41.6,30.4,37.8,30.4
2020-07-03,43,31,40.4,29.8
2020-07-04,40.6,31.6,35.6,26
2020-07-05,34,25.4,32.6,23.2
2020-07-06,36.4,29.8,35.6,27
2020-07-07,37,28.4,34.4,28
2020-07-08,35,25.4,29.8,25
2020-07-09,35.2,25.8,34.4,28
2020-07-10,38.4,29.4,36.6,24.8
2020-07-11,38,30.4,32.2,24.2
2020-07-12,30.6,23,28.8,22.8
2020-07-13,35,26.4,34,24.4
2020-07-14,37.6,28.2,35.6,27.6
2020-07-15,36.2,29.4,33.6,24
2020-07-16,36.4,28.6,34,28.4
2020-07-17,35.4,29.4,33.6,29.6
2020-07-18,35.6,29.4,33,28.8
2020-07-19,35,25.4,35,28
2020-07-20,33.6,23.4,32.4,27
2020-07-21,29,23.2,27.8,23.6
2020-07-22,28.6,24.6,29.6,24.6
2020-07-23,33.6,26,34,25.4
2020-07-24,34.4,28.2,33.4,26.4
2020-07-25,34.2,27.4,33.2,27.4
2020-07-26,35.2,28.4,34.6,27.6
2020-07-27,36,28.6,36.4,29.2
2020-07-28,37.6,29,36.4,29.8
2020-07-29,37.4,29,32,27.4
2020-07-30,33,27.8,30,25.4
2020-07-31,36.4,27.6,32.4,27
2020-08-01,34.6,28.6,29,25.6
2020-08-02,37.8,28.4,33.6,26.2
2020-08-03,37,30,36,28.6
2020-08-04,37.4,30.4,33.6,27.6
2020-08-05,35.8,29.6,35.4,29.6
2020-08-06,36.4,29.4,37.2,29
2020-08-07,35.4,29.8,34,28.6
2020-08-08,36.4,28,36,29.8
2020-08-09,33.4,28.8,34.6,29
2020-08-10,35.4,27.4,31.6,28.2
2020-08-11,34.8,27.6,34.2,28.2
2020-08-12,37.6,28.2,NA,NA
2020-08-13,35,28.2,29,26.6
2020-08-14,33.4,27,32.4,27
2020-08-15,35,27.4,33.8,28
2020-08-16,36,27.6,33,28
2020-08-17,35.4,28,31.6,28.2
2020-08-18,38,26.4,33.8,27.8
2020-08-19,32,25,31.6,24.8
2020-08-20,31.2,25.4,32,25
2020-08-21,32.4,26.2,28.6,24.8
2020-08-22,33.4,27.4,32.8,27
2020-08-23,33.2,27.6,33,25.8
2020-08-24,32,26.8,32.8,26.8
2020-08-25,33.4,27,32.8,27.2
2020-08-26,32.8,26.8,33,27.4
2020-08-27,34.6,27.2,30,26
2020-08-28,34.4,27.6,30.2,25.6
2020-08-29,34.4,27,32.4,25.6
2020-08-30,33,28,32,27.6
2020-08-31,32.2,27,32.4,26.4
2020-09-01,31.8,27.4,32,25.6
2020-09-02,34.4,26.6,33,27
2020-09-03,33,26.4,32.2,27.6
2020-09-04,31,26.8,33.8,27
2020-09-05,35,25,31.6,25.8
2020-09-06,34,25,33.8,25.6
2020-09-07,33.4,27.8,34.6,25.8
2020-09-08,35.4,27.4,35,26.6
2020-09-09,36.2,27.6,34.8,27
2020-09-10,36.4,26.4,34.8,27
2020-09-11,38.4,26.4,35.6,26.6
2020-09-12,37.6,26.4,36.4,27
2020-09-13,36.8,26,35,27
2020-09-14,36.6,25.2,35.6,26.6
2020-09-15,37.6,25.6,35.8,27.2
2020-09-16,38.6,28,36.4,28.8
2020-09-17,37.4,28,36,26.4
2020-09-18,39.2,27.6,36.6,27
2020-09-19,37.4,27,36.4,27.2
2020-09-20,36.6,24.8,36,27
2020-09-21,37.2,25.8,36.4,27.4
2020-09-22,37.8,22.8,34,26
2020-09-23,36,27,35.2,26.6
2020-09-24,37.4,26,34.6,26
2020-09-25,38,24.4,34.4,26.8
2020-09-26,36.2,24.8,33.6,25.6
2020-09-27,36.4,23.2,35.6,23.6
2020-09-28,36.2,23.2,34.8,23.4
2020-09-29,36.4,23,34,23.2
2020-09-30,36.6,22.6,34.4,23
2020-10-01,37.8,22.4,35.4,22.6
2020-10-02,36,22,34.4,22.4
2020-10-03,36.6,22.4,35.4,21
2020-10-04,35.4,21.4,35.4,20.4
2020-10-05,35.2,18.8,35.2,20.4
2020-10-06,36.6,19.2,35,21
2020-10-07,36.8,19.6,35.6,20
2020-10-08,36,19,34.6,20.8
2020-10-09,35.2,18.6,34.8,20.6
2020-10-10,35.4,19,35,21
2020-10-11,35.6,19.2,35.6,21
2020-10-12,36.4,17.4,34.4,19.6
2020-10-13,35.6,17.6,NA,NA
2020-10-14,34.6,18,34.2,21.8
2020-10-15,35,17,34.4,19
2020-10-16,34,16,33.6,16.6
2020-10-17,34,16.4,34,18
2020-10-18,34.4,15.6,34.2,18.6
2020-10-19,34.7,16,31.8,17.6
2020-10-20,34.2,14.4,34,16.4
2020-10-21,32.4,15,32.8,17.4
2020-10-22,34,17.4,33.4,18
2020-10-23,34.4,15.4,32.8,15.6
2020-10-24,32,14.4,31.4,15.6
2020-10-25,32,15,32.6,15.8
2020-10-26,31.4,17.2,32,16.4
2020-10-27,32,15.6,31.6,16.6
2020-10-28,31.8,12.6,32,14
2020-10-29,30.4,12.4,31.6,13.4
2020-10-30,29.4,13,30.4,13.4
2020-10-31,30.4,12.6,30.6,14.4
2020-11-01,30,11.4,30.4,14
2020-11-02,30.8,12,29.6,13
2020-11-03,31.2,10,28.6,12.4
2020-11-04,30.2,11.6,29,13.6
2020-11-05,32.4,11,31,13
2020-11-06,32.6,11.4,31,12.6
2020-11-07,29.6,12,30,13.6
2020-11-08,29.4,11.2,28,11.8
2020-11-09,29.6,11.2,29.4,12
2020-11-10,29,11.4,29.2,12
2020-11-11,28,11.4,28.4,12
2020-11-12,28.2,11.6,28,12.6
2020-11-13,26.4,12.4,27.8,12.2
2020-11-14,26,12,27,11.8
2020-11-15,27.4,12.2,NA,NA
2020-11-16,20.6,15.2,22,15
2020-11-17,23.6,13.6,24.4,12.6
2020-11-18,23,11.4,23.6,12.8
2020-11-19,22.4,10.8,22.4,10.6
2020-11-20,23.6,8.6,23.6,10
2020-11-21,22.6,11,22,10
2020-11-22,22.4,9.6,23,9.6
2020-11-23,23.4,10.4,21.4,10.2
2020-11-24,22.6,7.8,21.8,12.6
2020-11-25,19,8.6,17.6,13
2020-11-26,21.6,9,21.6,13.4
2020-11-27,23.4,10.4,25,11
2020-11-28,23.6,11.4,25,11.4
2020-11-29,23.6,8.2,23.6,9.4
2020-11-30,23.2,9.4,24.6,9.4
2020-12-01,26,9.6,24,10.4
2020-12-02,25.4,9.2,25,10.8
2020-12-03,25.4,10.2,23.2,10.4
2020-12-04,27,10.4,22.6,10.4
2020-12-05,26.4,11.4,23.6,14
2020-12-06,23,11.2,23.6,15
2020-12-07,23,11.6,25,14
2020-12-08,26,9.6,24.2,12.6
2020-12-10,25.4,12.6,25,13
2020-12-11,24,11.4,26.4,12
2020-12-12,23.4,12,21.2,13.6
2020-12-13,16,11,13.6,10.2
2020-12-14,15,6.8,12.6,9.6
2020-12-15,16,4.8,16,9
2020-12-16,14.4,5,13.2,6.6
2020-12-17,14.6,6,14.4,6.2
2020-12-18,17.4,5.6,16.8,4.8
2020-12-19,20.4,4.4,19.6,5
2020-12-20,20.2,5.8,21,5.8
2020-12-21,22,5.6,19.4,7
2020-12-22,21.6,5.6,20.2,4.4
2020-12-23,21.2,4.4,21.2,5.6
2020-12-24,22.4,5.2,20,6.6
2020-12-25,21,5,19,4.6
2020-12-26,19.4,4,16.4,5
2020-12-27,22,6.2,17.6,4.4
2020-12-28,17,4,15.6,4.6
2020-12-29,14.6,4.2,15,4.4
2020-12-30,13.8,4.4,12.8,6.4
2020-12-31,16,0.4,14.8,5.4
2021-01-01,13.2,2,9.6,5.4
2021-01-02,16,3.4,13,8.4
2021-01-03,18.4,6.4,19.6,11.2
2021-01-04,21.6,9.8,23.6,12.6
2021-01-05,17.6,12.6,18.2,15
2021-01-06,16.4,13,20.6,14
2021-01-07,13.4,9.6,14.4,13
2021-01-08,15,6.8,17.6,9.2
2021-01-09,17.2,7,16,11
2021-01-10,16,7.2,11.6,8.6
2021-01-11,16.2,7,15.6,7.8
2021-01-12,15,3.4,13,6.8
2021-01-13,16,4,15.2,6.8
2021-01-14,16.2,4.8,11.6,5.8
2021-01-15,17.4,5,14,6.6
2021-01-16,12,4.6,10,7
2021-01-17,15,5,15.8,8.2
2021-01-18,17.2,5.2,19.4,10.6
2021-01-19,14,5.4,21,9
2021-01-20,15,8.2,19.4,10.4
2021-01-21,20.4,7.6,20,8.6
2021-01-22,19.4,6.6,15,8
2021-01-23,19,7,18.6,10.4
2021-01-24,12.6,9.4,13.6,9
2021-01-25,17,8,17,9.4
2021-01-26,19.4,6.4,19.8,5.4
2021-01-27,20,7,20.8,7.8
2021-01-28,19.4,4.4,15.8,3.8
2021-01-29,20.4,5.2,19,4.4
2021-01-30,20.4,4.6,19.6,7.4
2021-01-31,23,5.4,21.2,6.4
2021-02-01,25.4,7,22,7.2
2021-02-02,26,1,22.8,8.4
2021-02-03,25.2,11.4,22,12.4
2021-02-04,18.6,10.2,15.6,9.8
2021-02-05,19.4,6.4,19.8,5.8
2021-02-06,20.4,7,20.8,8.2
2021-02-07,21.4,10,21.8,10.2
2021-02-08,24,8.6,22.8,7.8
2021-02-09,24.8,7,21.4,10.2
2021-02-10,24.4,9.6,23.4,8.8
2021-02-11,9.8,9.8,10.4,10.4
2021-02-13,21,13.4,22.4,15
2021-02-14,24.8,11,23.1,10.6
2021-02-15,26.6,10.8,23.4,12.2
2021-02-16,26.4,10,24.2,9.4
2021-02-17,25,11.6,24.6,11
2021-02-18,25,12,25.6,10.4
2021-02-19,24.4,12.8,24.4,11.2
2021-02-20,16.6,13.2,17.6,15.6
2021-02-21,25,10.5,25.6,13
2021-02-22,28.4,11,27.2,13.6
2021-02-24,32,14,30.6,14
2021-02-25,31.4,14.8,31.4,15
2021-02-26,33.4,15,32.6,14.8
2021-02-27,30.8,18,28.6,17.6
2021-02-28,27.6,19,26.8,12.6
2021-03-01,28,14,26.4,13.2
2021-03-02,27.8,16,26.2,14.4
2021-03-03,30.4,15.4,28.8,13.6
2021-03-04,32,17,29.4,13
2021-03-05,30,15.8,29.2,15.4
2021-03-06,32,15,29,15
2021-03-07,32.4,15.6,29.2,19
2021-03-08,29.4,20.4,29,18.4
2021-03-09,28.8,18.4,30,17
2021-03-10,31.4,18.8,30.6,19.2
2021-03-11,33.4,20.4,30.6,16.4
2021-03-12,28.8,18.6,25.8,18
2021-03-13,30,15,27.6,14.8
2021-03-14,30.4,18,29,16.2
2021-03-15,30,17.4,29.4,17
2021-03-16,31.8,18,30.6,17.6
2021-03-17,33,17,31.6,17.4
2021-03-18,32.6,17.6,32.4,17.6
2021-03-19,33,18.4,31.2,17.8
2021-03-20,32.6,16,31.6,17.4
2021-03-21,34,17,30.2,17
2021-03-22,30,19,30,19.2
2021-03-23,26.2,17,24.8,17
2021-03-24,29.8,19,30.4,14.8
2021-03-25,27,15.4,29.6,15.2
2021-03-26,31.2,15.6,30.6,15.8
2021-03-28,37,19,33.6,18.6
2021-03-29,39.6,21.4,34.4,23
2021-03-30,34.4,21,35.4,20
2021-03-31,33.2,21,32.4,18.8
2021-04-01,33.8,20.4,31.6,18.2
2021-04-02,32.6,18,31.4,17.2
2021-04-03,34.4,12.4,33,13.6
2021-04-04,37,19,36,15.4
2021-04-05,36.6,18,34.6,19.2
2021-04-06,37,20,34,20.4
2021-04-07,34,19,34.6,17.2
2021-04-08,34.2,20,33.6,17
2021-04-09,36.2,16,34.8,16.6
2021-04-10,37,17,36.6,17.8
2021-04-11,38.4,16.4,38,18.4
2021-04-12,39.8,22,37.4,21.6
2021-04-13,39,22.8,38.4,20.6
2021-04-14,39.8,24,39.4,22
2021-04-15,39.2,23.6,37.8,22.6
2021-04-16,36.2,20.6,37.4,20.4
2021-04-17,32.6,18.8,31,21
2021-04-18,35.6,20.8,35.4,17.6
2021-04-19,36.8,18.4,36.8,19.6
2021-04-20,34.6,19.8,27.4,20.2
2021-04-21,29.2,18,30,17.6
2021-04-22,34,16.6,30,17.8
2021-04-23,29,20.4,26.6,17.8
2021-04-24,34,21.4,33,15.8
2021-04-25,37.4,22.8,37,22.6
2021-04-26,40,20,38.4,18.8
2021-04-27,41.8,20,39.8,22.2
2021-04-28,42.4,26.4,41.2,23
2021-04-29,42.6,23.6,38.4,24.6
2021-04-30,39.8,25.4,39.8,23.2
2021-05-01,39.8,26,39.2,24.6
2021-05-02,39.4,28,37.6,26.6
2021-05-03,39.2,27,36.8,24.4
2021-05-04,40,23.2,38.6,25.6
2021-05-05,39.8,23,36.2,24.6
2021-05-06,40,26,35.4,21
2021-05-07,35.2,21.4,34,19.8
2021-05-08,37.6,22.4,36.4,21.6
2021-05-09,41,23,37,24
2021-05-10,38.4,24.4,32,22.6
2021-05-11,40,24.4,35,24
2021-05-12,35.4,25,28.6,21.4
2021-05-13,33.4,22,28.6,22.6
2021-05-14,37,25.4,34.6,19
2021-05-15,34,24,34,22.4
2021-05-16,39,26,34.4,23.8
2021-05-17,40,24,40.8,24.2
2021-05-18,33,24.4,31.4,26.4
2021-05-19,26,22,27,23
2021-05-20,36,20.6,33.6,22.2
2021-05-21,33.8,20.4,30.8,19.8
2021-05-22,34.2,25.4,36.6,23.6
2021-05-23,32,24.6,31.6,23.4
2021-05-24,37,26,36.4,20.4
2021-05-26,41,26.4,40,23
2021-05-27,42.2,27,41.6,22.8
2021-05-28,43,26.6,39.8,27.4
2021-05-29,42,29.8,36.8,20.6
2021-05-30,41.4,25.4,34,23
2021-05-31,40.4,24.6,39.4,22
2021-06-01,29,22,30,21
2021-06-02,33.4,23,34,22.8
2021-06-03,37,23,33.4,24.6
2021-06-04,39,24.6,36,22.4
2021-06-05,41,26.8,34.6,23.6
2021-06-06,39,28,37,25
2021-06-07,41.6,27,39,26.4
2021-06-08,42,28,41.6,29.4
2021-06-09,44.4,32,43,32.4
2021-06-10,44,30.2,36.6,30
2021-06-11,43.2,30,35.6,26
2021-06-12,42,25,34.8,25.4
2021-06-13,32,23.4,34,25.6
2021-06-14,36.4,25.4,36.8,25.6
2021-06-15,34.6,22,38.4,27.6
2021-06-16,33,20.4,30.6,23.6
2021-06-17,36,24,34,25
2021-06-18,37,26,33.2,26.6
2021-06-19,36.4,27.4,35.4,25.6
2021-06-20,37.4,25.4,36,26
2021-06-21,36,26.8,36.6,26.6
2021-06-22,39.4,28,38.6,28
2021-06-23,41.2,28.6,41,28.8
2021-06-24,38.2,30,37.2,29
2021-06-25,39.4,25.4,39,27
2021-06-26,39,24.4,35.6,24
2021-06-27,40,26.6,38,26
2021-06-28,40.4,27,39.6,28
2021-06-29,43,27,41,29.6
2021-06-30,43.4,30.8,41,30
2021-07-01,43.6,28.4,40.2,32.2
2021-07-02,42,32.4,40,31.2
2021-07-03,39,28,39.4,24
2021-07-04,39.8,26.4,37,27.2
2021-07-05,40.8,29.4,38.8,28.6
2021-07-06,40.4,28.4,39.6,30.2
2021-07-07,41,30.6,41,30.2
2021-07-08,42,28,40.8,31.2
2021-07-09,41,30.8,35.4,26.4
2021-07-10,41,30.6,36.4,29.4
2021-07-11,40.4,31.2,36.8,30.4
2021-07-12,37,30.4,34,24.6
2021-07-13,32.4,26.4,28.8,27
2021-07-14,33.4,25,27.6,24.6
2021-07-15,33,24,30,25.6
2021-07-16,38,28,35,27
2021-07-17,39.4,30.4,37,29.6
2021-07-18,37.4,29.4,32.4,28.4
2021-07-19,28.4,25,26.6,25
2021-07-20,35,24.4,27.6,24
2021-07-21,35.4,26.2,NA,NA
2021-07-22,34.4,26.6,32.8,26.4
2021-07-23,35,28,33.2,27.4
2021-07-24,36.2,29,35.4,29
2021-07-25,38,28.4,34.6,29.6
2021-07-26,35,30.4,31.6,28.6
2021-07-27,33.6,28.2,31,28
2021-07-28,28,25,27,24.8
2021-07-29,29.2,24.4,30,25.8
2021-07-30,29.6,24.6,31,25.8
2021-07-31,32,26.4,33.6,27
2021-08-01,31.8,26.8,31,28.6
2021-08-02,33.4,27.2,31.6,27.4
2021-08-03,31.4,28.4,29.8,25
2021-08-04,34.4,27.8,34,26.6
2021-08-05,34.2,28,32.2,27
2021-08-06,35.4,27.4,33.8,27.8
2021-08-07,35.6,28,34,27.4
2021-08-08,34.8,27,33,27.6
2021-08-09,35,26.4,33.4,27
2021-08-10,36.4,28,35.6,27.4
2021-08-11,35.8,27.6,34.4,28.6
2021-08-12,36.6,29,35,27.2
2021-08-13,37,28,34.8,29
2021-08-14,36.2,28.6,34.6,27.8
2021-08-15,35.8,29,35.6,27.6
2021-08-16,37,27.4,35.4,26.2
2021-08-17,37.6,29,36,27.2
2021-08-18,36.6,28.2,35.4,28.2
2021-08-19,38,28,35.6,28.8
2021-08-20,32.4,27,29.4,26.4
2021-08-21,28,26.8,27.2,25
2021-08-22,31.8,26.8,28,26
2021-08-23,33,26.8,31.8,25.8
2021-08-24,36.4,27,34,27.6
2021-08-25,37.4,28.6,34.4,28.4
2021-08-26,35.8,27.4,33.8,28
2021-08-27,37.6,27,35,27.4
2021-08-28,37,27,34,27
2021-08-29,36.4,27,32.8,26
2021-08-30,34,28,32.8,23.8
2021-08-31,32.6,25.4,33.6,25.2
2021-09-01,28.2,25.6,29.4,26.6
2021-09-02,32,26,32.6,26.4
2021-09-03,30,23.4,30,25.2
2021-09-04,32,25.4,31.6,25
2021-09-05,33,26.2,33.4,25.6
2021-09-06,33.4,27,34.6,27.6
2021-09-07,30.8,28,31.8,28
2021-09-08,32.6,26.8,32.8,26.8
2021-09-09,33,26.4,32.8,26.8
2021-09-10,32.8,27,32.2,24.4
2021-09-11,27.6,24.4,27.4,25.4
2021-09-12,31.8,25.2,29.4,23.4
2021-09-13,31.4,25.6,32.8,25.4
2021-09-14,32.6,26,31.6,25
2021-09-15,34.4,25.8,34,25.8
2021-09-16,34.4,25.8,34,25
2021-09-17,31.6,25.5,30.4,24.6
2021-09-18,32.8,25,32.6,25.2
2021-09-19,34.4,25.6,33.4,27.2
2021-09-20,34.4,26.4,33.8,27.6
2021-09-21,33.4,27,29.4,25.4
2021-09-22,26.4,21.6,26.8,25.6
2021-09-23,30.8,24,26.8,22.8
2021-09-24,30.4,23.4,32.4,22.4
2021-09-25,33,27,33.4,24.8
2021-09-26,31.6,27.2,33,25.4
2021-09-27,33,25.8,33.8,25.6
2021-09-28,34,27,34.2,26.4
2021-09-29,32.8,28,33.6,24.8
2021-09-30,34,26.4,32,25.8
2021-10-01,34.4,26.4,32.8,25.6
2021-10-02,33.4,27.4,32.8,26
2021-10-03,34.6,27,33.8,25.2
2021-10-04,36,26,33.4,25
2021-10-05,29.4,26.2,32.4,23.6
2021-10-06,32.6,25.6,33,24.6
2021-10-07,33.6,23.4,33.6,24
2021-10-08,35,22.4,34,24.2
2021-10-09,36,23,34.4,23.6
2021-10-10,36.4,22.4,35,23.6
2021-10-11,36,22.2,35.2,23
2021-10-12,35.2,20.8,35.4,22.4
2021-10-13,32.4,21,32.4,20.6
2021-10-14,33.4,20,33.4,20
2021-10-15,34,16.4,34.4,19.8
2021-10-16,35.8,17,35,20.8
2021-10-17,30.6,17.4,27.2,22.4
2021-10-18,26,22.4,26,20.6
2021-10-19,31.4,20.4,31,18.6
2021-10-20,33.4,18,32.6,19.8
2021-10-21,33.6,15,32.4,18.4
2021-10-22,33.6,16.4,32.8,18.2
2021-10-23,32.4,18,30.8,20.6
2021-10-24,28,17.8,19.4,16.8
2021-10-25,28.4,16,28.4,14.6
2021-10-26,29.4,19,28,16.2
2021-10-27,28.4,17.4,28.6,15
2021-10-28,29,14.2,28.8,15.4
2021-10-29,30,13.8,30.4,15
2021-10-30,29.6,13.8,29,15.4
2021-10-31,31.6,16,30.2,15.6
2021-11-01,32.2,13,28,16
2021-11-02,32,15.4,28.4,17.6
2021-11-03,28.4,16,28.6,17
2021-11-04,28.6,16.6,29.2,14.6
2021-11-05,29,12.8,29,12.8
2021-11-06,28.8,13,28,14.2
2021-11-07,29,14.4,29.6,15
2021-11-08,29.2,13.4,28.6,13
2021-11-09,29.4,13.4,27.8,12.6
2021-11-10,30,13,28.8,12.4
2021-11-11,27,12.4,28.6,13.2
2021-11-12,28,12.8,28.2,12.4
2021-11-13,28,11.4,27.4,11.8
2021-11-14,28.4,11.6,27.8,11.4
2021-11-15,26.4,10,26,12.4
2021-11-16,26,9.8,26,11
2021-11-17,26.2,10,26.8,9
2021-11-18,25.6,9,26.8,10.2
2021-11-19,26.4,8.4,26.6,10.8
2021-11-20,26.2,8.4,26.8,10.4
2021-11-21,26.4,8.6,27,10.6
2021-11-22,26.2,9.4,27,12.4
2021-11-23,25.4,8,27.6,11
2021-11-24,28,9,25.4,10.2
2021-11-25,27,10,25,10.8
2021-11-26,26.4,10.4,26.8,10.4
2021-11-27,26.6,10,24.6,10.6
2021-11-28,26,10.6,25.2,10.6
2021-11-29,25.2,9.4,25.8,9.6
2021-11-30,25,10.2,25.4,12.4
2021-12-01,21,10.4,19.4,11.4
2021-12-02,18.4,12,18.2,13.6
2021-12-03,23.2,9.4,25.4,13.2
2021-12-04,25.4,10,26.6,13.4
2021-12-05,24.2,10.8,24.6,12.8
2021-12-06,24.4,11,22.8,13.8
2021-12-07,23,12,23.4,11.2
2021-12-08,22.4,9.4,24.8,11.4
2021-12-09,23,8.4,23,9.8
2021-12-10,22,8.6,23.8,10.4
2021-12-11,22,6.6,22.2,9.2
2021-12-12,22.4,7,21.8,8
2021-12-13,21.4,6.2,20.2,8.8
2021-12-14,21,6.2,20.2,8.4
2021-12-15,20.4,7.2,20.4,7.4
2021-12-16,18.2,6.4,18.4,5.6
2021-12-17,14,5.2,16,7.2
2021-12-18,15.6,5.6,16,7.6
2021-12-19,19.4,4.4,17.6,5.4
2021-12-20,19.8,3,19.4,5.4
2021-12-21,20.4,3.6,20,6.6
2021-12-22,21.4,5,21,6.2
2021-12-23,22.4,8.4,20.8,9
2021-12-24,22,9,20.4,7.6
2021-12-25,21.2,6.8,20.6,7.4
2021-12-26,16.8,9.6,15.8,8
2021-12-27,20.6,9.4,20,7.4
2021-12-28,21.4,8.2,19,7.6
2021-12-29,19,7,19.6,7.6
2021-12-30,18.4,4.4,18.6,5.2
2021-12-31,18,4,19.8,5.8
2022-01-01,18.8,4.4,16.4,5.6
2022-01-02,19.8,3,19.6,7.6
2022-01-03,21.4,6,21.6,7.4
2022-01-04,20.4,11.4,17.4,11.4
2022-01-05,14.8,12.8,14,12.6
2022-01-06,17,13.2,17.2,13.2
2022-01-07,20,13.4,16.8,13.6
2022-01-08,17.4,15,16.2,12.4
2022-01-09,14.8,9,13.6,11.2
2022-01-10,18,9,16,10.6
2022-01-11,12.6,7,13.4,10
2022-01-12,14.4,10.4,15.4,10.6
2022-01-13,12.4,11,13.8,10.4
2022-01-14,15,6,12.4,9.8
2022-01-15,12.8,6.6,10,8
2022-01-16,12,7,11.6,8.6
2022-01-17,12.2,5.4,12,9
2022-01-18,13.6,8,13.8,9.2
2022-01-19,15.4,7.8,14.4,10
2022-01-20,13.4,9,13.5,10.4
2022-01-21,16,9,15.6,7.8
2022-01-22,13.2,11.8,13.6,11
2022-01-23,15,11,12,11.4
2022-01-24,15.4,9,14.8,10.2
2022-01-25,14,6.8,13,10.4
2022-01-26,16,8,16.4,10
2022-01-27,18.4,7.2,16.8,9
2022-01-28,18.4,6,18.4,7
2022-01-29,21.4,4.8,20.4,7.4
2022-01-30,20.2,8,19.8,9.8
2022-01-31,23,5.6,12.4,7.6
2022-02-01,17,9.8,15.4,7.8
2022-02-02,20.8,9.4,15.6,8.8
2022-02-03,13.2,10.6,13.8,10.4
2022-02-04,16.8,9,14.8,8.6
2022-02-05,18.6,5.4,19.4,6.4
2022-02-06,21.6,4.6,18.6,8
2022-02-07,25,10.2,20,9
2022-02-08,22.8,12.4,21.4,9
2022-02-09,21.6,12.2,21.6,13
2022-02-10,22.2,9,21.2,8.8
2022-02-11,21.6,9.2,21,9.2
2022-02-12,23.8,8.2,22.6,9.2
2022-02-13,26.4,7.4,21.6,8.4
2022-02-14,26.2,11.6,22.6,8.6
2022-02-15,25.8,10,23,9
2022-02-16,25,10,20.8,9.6
2022-02-17,26.4,11.8,25,9.6
2022-02-18,24.6,9.4,24.4,10.2
2022-02-19,24.4,11.6,24,11.8
2022-02-20,24.4,11.8,22.6,11.4
2022-02-21,24.4,10.4,25,9.6
2022-02-22,27,12.4,23.6,11.8
2022-02-23,23.6,16,22,15.8
2022-02-24,25.8,12,23.8,13
2022-02-25,26.8,13.8,24.2,10.6
2022-02-26,21.4,13.2,17.8,12.4
2022-02-27,23,10.6,23.2,9.8
2022-02-28,23.8,10.4,23.6,11
2022-03-01,25,10.8,24.8,12
2022-03-02,26.4,11.4,24.6,11.8
2022-03-03,27.2,15.4,24.8,15
2022-03-04,24.4,12.4,24.4,12.6
2022-03-05,24,13.8,25,12.2
2022-03-06,27.6,13.4,25.6,14.8
2022-03-07,29,14.8,27,16.6
2022-03-08,30,14,29.2,15.2
2022-03-09,29,14.4,28.2,13.6
2022-03-10,28.6,16.8,27.8,15.2
2022-03-11,29,15.2,26.4,15.8
2022-03-12,31,14.4,29.4,17.2
2022-03-13,32.6,16.4,31.4,19.2
2022-03-14,33.6,16,31.2,18
2022-03-15,31.6,18.4,31.6,18.8
2022-03-16,35,20,32.8,21.4
2022-03-17,35.8,19.4,32.4,20.2
2022-03-18,35.4,22.8,33.4,22.4
2022-03-19,37.6,21,34,21.4
2022-03-20,37,23,34.2,21
2022-03-21,35,21.4,34.8,20.6
2022-03-22,34.4,19.6,33,19.6
2022-03-23,33,19.4,34.2,19
2022-03-24,34.8,20,33,20.2
2022-03-25,34.4,19,33.8,18.6
2022-03-26,35.4,18.8,32.6,18.8
2022-03-27,37.6,17.8,35,19
2022-03-28,39.2,17,36.6,18.2
2022-03-29,40.2,18.2,37.2,19.6
2022-03-30,39.8,19.4,37,18.4
2022-03-31,37.4,20,36.8,19.2
2022-04-01,37.2,18.4,36.4,20.6
2022-04-02,39.6,17.8,38,18.6
2022-04-03,41,18,37.4,20.8
2022-04-04,39,21.6,37.4,18.6
2022-04-05,39,18,38.2,18.8
2022-04-06,39.6,18.6,38,19
2022-04-07,41.2,18.7,39.5,21
2022-04-08,42.5,18.8,41,21.2
2022-04-09,42.7,20.2,40.5,20.6
2022-04-10,42.5,22.6,40.7,22
2022-04-11,44,21,41.6,21.8
2022-04-12,39,25.5,37,24.2
2022-04-13,41,24.6,40,24.6
2022-04-14,41.2,23.8,38.7,23.2
2022-04-15,40,20.2,37.5,21.6
2022-04-16,40.5,21,38.5,20.2
2022-04-17,42,22.8,39.6,19.6
2022-04-18,42,22,40,21
2022-04-19,42.4,25,41.8,24.8
2022-04-20,41.4,25.4,40.6,25
2022-04-21,38,23.2,32,24
2022-04-22,37.6,22.4,36.6,21.4
2022-04-23,40,27.6,38,21.4
2022-04-24,39,21.4,38.4,21
2022-04-25,40.8,22.6,40.6,23
2022-04-26,41,25.6,39.2,23.8
2022-04-27,42.4,21,41,22.6
2022-04-28,44.4,22.8,43.2,24.6
2022-04-29,45,26.2,43,25
2022-04-30,44.4,24.8,43.2,24.8
2022-05-01,43,26,37.8,29
2022-05-02,43.4,27,37.2,28
2022-05-03,40.6,28.4,37,28.4
2022-05-04,40,25.2,35,22
2022-05-05,38,22.2,35.4,20.8
2022-05-06,40.4,23.6,37,23
2022-05-07,41.2,23,37.6,22.6
2022-05-08,43,23.2,37.4,29.4
2022-05-09,41.6,28.4,36.6,26.2
2022-05-10,41.8,29.4,37.6,27.2
2022-05-11,42.6,29,39,26.4
2022-05-12,45,29.4,41,28.4
2022-05-13,46,28,41,27.4
2022-05-14,45.6,26.4,43.4,26.2
2022-05-15,45.6,25.6,43.6,27
2022-05-16,42.4,32,40.8,30
2022-05-17,42.4,29,38.6,27.2
2022-05-18,43,30.8,39.8,28.4
2022-05-19,45.2,27.4,41.6,25.8
2022-05-20,46.4,28,44,28.2
2022-05-21,41,25,39.8,27.6
2022-05-22,40,23.4,39,25.4
2022-05-23,30.2,19,28.4,19
2022-05-24,30,19.4,29,20.6
2022-05-25,33.2,22.4,33.6,21.8
2022-05-26,37,24.4,35.2,27.8
2022-05-27,40.4,26.6,37.6,25
2022-05-28,41.6,28.4,37.4,26
2022-05-29,42,26,38.6,22.6
2022-05-30,42.6,27.4,38,28.6
2022-05-31,41.2,27,39.8,27.8
2022-06-01,42.4,26,42.2,23.8
2022-06-02,43.2,26.2,42.4,26.4
2022-06-03,43.4,26,42.4,24.8
2022-06-04,45,26,43.6,25.6
2022-06-05,43.4,26.8,43.6,26.8
2022-06-06,44.4,28,44.2,26.4
2022-06-07,44.8,28,44,30
2022-06-08,44.2,31.6,43.8,31
2022-06-09,44.8,30.6,44.4,28.8
2022-06-10,44.8,30.4,43.8,29
2022-06-11,44.4,32.4,43,28.6
2022-06-12,44.4,29.4,42.2,28.6
2022-06-13,44.4,31.6,43.2,29.6
2022-06-14,42,31,42,31.6
2022-06-15,43.4,30,42.8,30.6
2022-06-16,41,30.6,36.6,25.6
2022-06-17,34.4,27,28.2,22.2
2022-06-18,30,24.4,27.8,23.2
2022-06-19,30.8,25.4,30,23.4
2022-06-20,34,23.8,32.4,23.8
2022-06-21,34.6,23,30.6,23
2022-06-22,35.8,22,34.6,24.2
2022-06-23,36.6,27.6,36,25.4
2022-06-24,38.6,24.6,37,24
2022-06-25,40,24.4,38.6,24.6
2022-06-26,41.6,28,37.6,27.8
2022-06-27,41.8,30.4,37.4,29.6
2022-06-28,43.4,31.8,38,31.2
2022-06-29,40.4,32.4,32.6,28.8
2022-06-30,31.4,25.6,27.8,25
2022-07-01,32.6,25.8,32,25.8
2022-07-02,35.6,27,34.2,27.8
2022-07-03,35,27,33.6,26.8
2022-07-04,37.8,28,35.7,30
2022-07-05,39,30.4,35.6,30.4
2022-07-06,37,31.4,34.4,25.2
2022-07-07,37.4,31,35,29.6
2022-07-08,40,30.4,35.6,30
2022-07-09,39.8,26.8,33.2,26
2022-07-10,31.4,27,31.8,25.2
2022-07-11,37.6,27.2,34.8,28.2
2022-07-12,32.4,30,32.4,27.6
2022-07-13,37.4,28.4,34.6,28.6
2022-07-14,31.8,24.6,31,25
2022-07-15,35,25.6,35,25.6
2022-07-16,35,25.8,35.7,25.4
2022-07-17,33,27,33,24.6
2022-07-18,35.6,28.4,36.6,27.8
2022-07-19,35.4,30.4,36.6,30
2022-07-20,34.4,26.8,32.4,26.8
2022-07-21,29.6,23.4,28.4,24.6
2022-07-22,32.4,25.4,32.6,26.6
2022-07-23,31,27,33.6,27.4
2022-07-24,34.4,27.4,32.6,27.4
2022-07-25,34,27.6,33.6,28.4
2022-07-26,32.6,27.8,33.4,28
2022-07-27,34.4,27.4,31.4,27.6
2022-07-28,29.8,27.4,31.8,27
2022-07-29,31,26.8,30.4,27.2
2022-07-30,28.8,25,28,25
2022-07-31,30.4,25,28.6,26.2
2022-08-01,32.2,26.2,32.2,26.8
2022-08-02,33.8,27.2,35,27
2022-08-03,34.8,27.8,35,28.2
2022-08-04,31.4,26.8,32.4,26.8
2022-08-05,31.2,28,29.4,25.8
2022-08-06,33,27,33.8,26.6
2022-08-07,32,27.4,29.2,27.6
2022-08-08,34.4,27.2,34.4,27.4
2022-08-09,36.6,29,35.6,29.6
2022-08-10,37.4,28.6,35.8,29.4
2022-08-11,33.8,29.2,31.4,27.4
2022-08-12,35.8,27,35.6,25.6
2022-08-13,34.8,28.4,34.6,28
2022-08-14,34,25,36,26.4
2022-08-15,32.4,24,30.4,26.2
2022-08-16,32.4,27.2,33.4,26.8
2022-08-17,32,26.4,33.6,27
2022-08-18,34.6,26.8,34.6,27.6
2022-08-19,34.4,27.2,33.8,28.4
2022-08-20,34.2,26.8,32.8,28
2022-08-21,34.4,26.8,34.6,27
2022-08-22,34.8,27.4,35,28
2022-08-23,34,28,35.2,28.8
2022-08-24,33,26.4,31.2,27.4
2022-08-25,34.4,26.2,33.8,27.2
2022-08-26,35.6,26.8,34,27.6
2022-08-27,34.8,27,34.4,27.2
2022-08-28,34.8,26.2,34,27.6
2022-08-29,36.4,27.6,33.8,28
2022-08-30,35.8,27.8,35.2,26.8
2022-08-31,36.4,27.6,35,28
2022-09-01,37.8,27.4,36,28.4
2022-09-02,37.4,28,35.4,27.8
2022-09-03,36.6,27.4,33.6,27
2022-09-04,37,27.2,35,26.6
2022-09-05,36.4,27.4,33.6,26.8
2022-09-06,35.4,25.4,34.4,25.4
2022-09-07,35.8,26,34.8,26.4
2022-09-08,36.4,27,34.6,27.4
2022-09-09,36.6,27.8,35.6,27
2022-09-10,36.4,28.4,33,27.4
2022-09-11,35.4,28,34.2,25.4
2022-09-12,35.8,28.4,33.6,26.6
2022-09-13,33.4,24.8,33,26.8
2022-09-14,32.8,27.4,29,27.2
2022-09-15,32.4,26,33,24.6
2022-09-16,33,23.6,31,24
2022-09-17,36.6,27,32.6,25.6
2022-09-18,37,27,34.5,25
2022-09-19,36,25.4,34.4,26
2022-09-20,33.6,26.8,32.6,26.2
2022-09-21,35,25,33,23.6
2022-09-22,29.7,25,27,23.7
2022-09-23,25.7,23,27.5,23.5
2022-09-24,25.4,23.5,24.2,23.2
2022-09-25,28,23.6,26.4,23.2
2022-09-26,31,22.6,30,22.6
2022-09-27,33,23.8,30.7,23.4
2022-09-28,33.7,23.2,31,23.7
2022-09-29,33.6,24.4,32.5,24
2022-09-30,34.2,24.4,32.5,24.4
2022-10-01,35,24.6,33,24.4
2022-10-02,34.7,24.8,33.5,24.2
2022-10-03,34.5,22.6,33.6,23.4
2022-10-04,33.7,23,34.2,23.6
2022-10-05,34.7,22.4,33.5,23.6
2022-10-06,32.4,22.2,31.6,22.6
2022-10-07,29.2,22.6,29.2,22.8
2022-10-08,25,23,27,22.4
2022-10-09,25,21.4,28.2,21.6
2022-10-10,23.4,21.6,28.2,21.8
2022-10-11,27,20.4,26.2,18.6
2022-10-12,30.8,19,30.8,19.8
2022-10-13,31,17.8,30.6,19.4
2022-10-14,30.8,19.8,31.2,20.4
2022-10-15,31.4,18.8,31.6,19.4
2022-10-16,33.4,17.8,31.8,19.2
2022-10-17,32,21.4,32,20.7
2022-10-18,34.6,20,31.6,20
2022-10-19,34,17.6,31.2,19.4
2022-10-20,35.2,18,31,19.2
2022-10-21,33.4,20,31.2,20.6
2022-10-22,32.4,17.4,30.6,18.8
2022-10-23,31.8,14.6,32,16.2
2022-10-24,30,15,31.6,16.4
2022-10-25,30.6,14.6,30.8,16.6
2022-10-26,32.8,15,32.6,16.8
2022-10-27,32.6,15.6,31,16.4
2022-10-28,32.2,16.6,30.4,16.4
2022-10-29,32,17,30.2,16.6
2022-10-30,32,17.6,30,17
2022-10-31,31.6,15.8,30.4,16.6
2022-11-01,34.4,16,30.4,16.4
2022-11-02,29.8,16.4,29.4,18.4
2022-11-03,31.4,16,29.6,16
2022-11-04,32.8,18,30.4,16.6
2022-11-05,32,18.8,27.2,19
2022-11-06,31,20,29,19.8
2022-11-07,30.4,19.8,28.8,18.6
2022-11-08,25.4,16.8,25,17.6
2022-11-09,28,14.8,27.4,17.2
2022-11-10,28.4,16.4,24.4,16.6
2022-11-11,27.2,16.8,27.4,13.6
2022-11-12,27,13.4,27.6,13.6
2022-11-13,27,13.4,27.4,12
2022-11-14,27.2,14.8,23.2,15.4
2022-11-15,27.2,15,26.6,15.2
2022-11-16,24.2,12.2,25.4,14
2022-11-17,24.2,11.4,24.4,13.6
2022-11-18,24.8,10.4,26.2,11.6
2022-11-19,25.4,10,27,10.4
2022-11-20,24.8,10,27,11.8
2022-11-21,25,10.4,26.8,11.4
2022-11-22,24.8,10.8,26,11
2022-11-23,26,10.4,25.8,9.2
2022-11-24,25.4,9.4,26.4,10
2022-11-25,26.2,8.2,25,9.4
2022-11-26,25,8.4,25,10.6
2022-11-27,25.8,9.4,25.6,11.6
2022-11-28,25,8,25.8,9.4
2022-11-29,24.4,8.2,26.4,10.2
2022-11-30,24.6,9.4,25.4,9.8
2022-12-01,24.4,10,24.8,11.2
2022-12-02,24.8,9.6,23.6,11.6
2022-12-03,24.2,9.2,23.4,11.4
2022-12-04,23.4,9,23.6,10.2
2022-12-05,20.6,8,23.2,9.6
2022-12-06,22,10,23.8,10.2
2022-12-08,25.4,10.2,23,9.4
2022-12-09,25.4,9.4,23.2,9.4
2022-12-10,25.6,10,24.8,10.6
2022-12-11,25.8,10.6,26.4,12.2
2022-12-12,25,10.4,25.6,10.8
2022-12-13,24.6,8.4,25,11.6
2022-12-14,22.2,8.4,22.2,10.4
2022-12-15,21.6,7.4,22,8.2
2022-12-16,21.8,7.8,20.8,9
2022-12-17,22.4,5,21.6,7.4
2022-12-18,22.4,6,20.2,6.8
2022-12-19,20.4,5.6,20.4,7.4
2022-12-20,15,6,14,11.2
2022-12-21,14.4,8.2,15,10.8
2022-12-22,13.8,6.6,12.8,9
2022-12-23,12.2,7,13.8,6.8
2022-12-24,13.2,5.2,13.2,6.2
2022-12-25,10,4.2,10.4,6
2022-12-26,11.4,3.8,14.4,7.6
2022-12-27,14.4,5.4,17.2,7.8
2022-12-28,19.8,6.6,20,7.2
2022-12-29,20,7.2,16.2,9.2
2022-12-30,18.8,11.4,16.6,9.6
2022-12-31,15.6,10.6,17.6,8.8
2023-01-01,19.2,5.6,12.4,7.2
2023-01-02,12.8,5.4,14.2,6.2
2023-01-03,10.4,6,9.6,5.4
2023-01-04,14,7.2,10,6.2
2023-01-05,11.6,7,9.4,6
2023-01-06,11.7,3.4,9,6.4
2023-01-07,10.6,3,13.8,5.7
2023-01-08,10.6,5,14,7.4
2023-01-09,12.8,4,12.3,9.4
2023-01-10,14.8,4.2,11.4,8.8
2023-01-11,15.4,7.6,12,9.8
2023-01-12,20,10.2,17.6,9.4
2023-01-13,13.8,7.4,20.2,10.6
2023-01-14,15,9,14.4,7.6
2023-01-15,15.2,4.8,17.4,5.2
2023-01-16,17.4,2.8,18.4,3.6
2023-01-17,18,0.6,18,3.8
2023-01-18,18.4,3,18.2,3.6
2023-01-19,20.8,4.8,19.4,9
2023-01-20,19,10.4,14.4,9
2023-01-21,20.4,5,21,6.4
2023-01-22,19.4,7,21.4,7.6
2023-01-23,21.8,9.8,22.2,7.8
2023-01-24,16,11,16.8,10.6
2023-01-25,18.4,10.8,17.2,12.6
2023-01-27,18.8,5,19.6,7
2023-01-28,20.8,4.6,21.2,7.6
2023-01-29,17.2,6,14.4,7.2
2023-01-30,20.2,12.6,18.8,13.4
2023-01-31,17.6,10.2,21.2,11.2
2023-02-01,19.8,9.2,21.4,9.6
2023-02-02,23.4,8.4,23.6,9.8
2023-02-03,24,9,24.4,9
2023-02-04,23.4,9.6,24.4,10.8
2023-02-05,25,10.6,24.8,11.8
2023-02-06,27.4,10.8,23.6,10.8
2023-02-07,23.8,12.2,23.6,11.6
2023-02-08,23.4,12.4,22.4,10.2
2023-02-09,28.4,10.6,23.2,11.2
2023-02-10,27.4,10.8,24.8,14.6
2023-02-11,24.4,13.2,24.8,12.6
2023-02-12,25.4,11.2,22,9.8
2023-02-13,21.4,7.2,21,6.6
2023-02-14,24.2,7.6,22.2,10.4
2023-02-15,26.6,12,26.6,12.4
2023-02-16,29,12,25.4,11.8
2023-02-17,28,13.4,27.4,12.8
2023-02-18,27.4,11.8,25.2,13
2023-02-19,29.8,13.4,26.4,14.2
2023-02-20,32.4,14.8,27,15.6
2023-02-21,29.2,14.4,28,17
2023-02-22,27.8,14.8,26.4,12.6
2023-02-23,28,12.4,27,12.8
2023-02-24,29.2,12,28.4,12.6
2023-02-25,30.6,12.4,28.4,15
2023-02-26,30.8,13.4,28,13.4
2023-02-27,29.4,15,29,14.6
2023-02-28,27,14,25.4,13.8
2023-03-01,27.8,16.2,28.6,14.6
2023-03-02,29.4,15.6,29.6,16
2023-03-03,29.4,18,29.6,17.4
2023-03-04,27,16.8,28,15.8
2023-03-05,29.8,15.4,27.6,15.6
2023-03-06,29.2,15.4,28.8,15.8
2023-03-07,29.8,13.6,29.6,15.6
2023-03-08,28,15,29.2,15.4
2023-03-09,28.8,14.2,28.8,14.4
2023-03-10,31,14.6,29.6,16.4
2023-03-11,32.4,14.4,29.4,16.6
2023-03-12,34.2,15,30.8,16
2023-03-13,31,18,30.4,16.6
2023-03-14,32.6,18.2,31.4,16.6
2023-03-15,33.2,16.2,30.6,17.4
2023-03-16,33.8,19.8,31.4,17.4
2023-03-17,29.4,19,29.2,17.6
2023-03-18,24.4,17.4,22,16
2023-03-19,27.6,15.4,26.8,14.8
2023-03-20,24.8,16.4,25.4,14.6
2023-03-21,25.6,16,24.8,13.6
2023-03-22,26.6,16.4,26.4,14.8
2023-03-23,30,14.4,28,15.6
2023-03-24,29.2,17,24.2,16.6
2023-03-25,28.4,18,26,16.4
2023-03-26,29.2,18.6,28,17
2023-03-27,28.4,15.8,26.6,15.6
2023-03-28,30.8,15.4,28.2,15.6
2023-03-29,32.4,16.4,30.6,16.4
2023-03-30,30.6,18.4,31.4,18
2023-03-31,25.4,18.2,19.8,16.8
2023-04-01,17.4,17.4,16.8,16.8
2020-03-25,NA,NA,28.8,17
2020-05-23,NA,NA,41.6,26
2020-12-09,NA,NA,25,12
2021-02-23,NA,NA,29,14.6
2021-03-27,NA,NA,32.6,17.6
2021-05-25,NA,NA,39,23.4
2022-12-07,NA,NA,23.4,11
2023-01-26,NA,NA,15.8,10
