time_s,MAX_br,Min_br,MAX_et,Min_et,MAX_me,Min_me,MAX_sa,Min_sa,MAX_go,Min_go
2020-01-01,20.2,4.4,15.8,6.2,20.2,3.2,19.2,4.4,20.6,8.2
2020-01-02,21.6,10,20.2,8,22,5.8,17.8,8,23.8,12.2
2020-01-03,19.8,12.4,20.2,11.4,22.2,8.8,20.4,7,16.8,13.8
2020-01-04,18,10,19.4,11.4,21.6,9,15.8,6.4,20,11.6
2020-01-05,18.6,8.4,22.4,10.8,20.6,8.4,17.6,4.6,17.6,13
2020-01-06,18.4,9,24.2,9,19,11.2,14.8,9,15,11
2020-01-07,16.6,12.6,24.6,12.8,17.8,13,11.8,10.4,18.4,10.4
2020-01-08,15.2,12.4,18.6,13.6,14.4,12.4,10.6,8,16.2,10.6
2020-01-09,13,9.4,15.4,7.8,14.6,8.4,17,5.6,16.2,13.4
2020-01-10,12,8,17.6,6.8,17.4,7.4,20.2,5.4,17.4,11.8
2020-01-11,13.4,8.4,20.6,5,19.4,6.4,20,5.8,14.2,10
2020-01-12,11.8,8,23.4,6.2,22.2,7.8,21.6,8.6,13.4,8.2
2020-01-13,11.6,8.8,26.4,7.4,18.8,9.2,15.8,10,13.4,10.2
2020-01-14,19.4,10.6,17.8,12.4,16.4,9.8,20.2,9.8,18,10.4
2020-01-15,19.8,11.6,18,12.2,19.8,7.8,NA,NA,19.8,12
2020-01-16,18.6,13.6,16,15,15.6,11,18.4,8.4,16.6,12.8
2020-01-17,15.2,11,18.6,11.4,17.4,11.2,16.6,10.2,16.8,15.4
2020-01-18,15.2,10.8,16.2,9.2,17.2,10.2,19.4,10,18.8,14.4
2020-01-19,16.8,10.2,18.6,10,16.2,7.8,19.6,6.6,16.6,12.8
2020-01-20,13.4,9.6,18.4,7.8,15.6,8.4,17,6.4,17.8,11.6
2020-01-21,16.4,9,21.4,8.6,20,10.2,19,9.6,18.4,10
2020-01-22,17.4,7.4,20.4,7.6,17.4,8,22,7.8,19.8,8.4
2020-01-23,19.4,8.6,21.4,9.2,20,10.4,20.4,7,21.4,11
2020-01-24,19.4,8.2,22.2,8.8,20.6,8.8,22.8,5,15.4,9.8
2020-01-25,15.6,9,21.2,7,20,6.4,15.6,7,16.6,8.8
2020-01-26,19,8.6,24.6,8.4,22.6,7.4,20.2,10,20,7.8
2020-01-27,18.4,8.4,26,10.6,21.4,9.8,17,7.6,18.2,9.4
2020-01-28,17,12,24.6,12,21.8,13,15.2,10.8,21.6,10.6
2020-01-29,15.2,10.8,21,13,20.4,10.8,16,8.8,23,14
2020-01-30,19.6,8.6,21.2,9.4,19.6,9,20.4,6.6,21.6,14.6
2020-01-31,18.2,8.4,22,7.6,19.4,8.8,20.8,7.2,22.2,10.8
2020-02-01,16,7.4,22.2,8.4,19.4,7,18,8,21.2,8.4
2020-02-02,19,8.2,21,8.4,19,7.4,20,5.8,21.4,10.6
2020-02-03,18.6,8,20.8,7,21.2,6.4,17.8,6.2,22,9.4
2020-02-04,19,6.4,22.2,8,21.8,6.8,19.4,6.6,22,8
2020-02-05,20.6,7.4,23.2,9.8,21.2,8,21,6.8,22.4,8.6
2020-02-06,18.6,7.6,21.8,9.6,19.2,7.2,17.8,6,22.2,11.2
2020-02-07,19,6.2,22.2,11,19.6,6.8,19,5.6,22.6,8.8
2020-02-08,20.4,7.4,21.4,8.8,20.8,8.4,21.4,5,22,8.8
2020-02-09,20.8,7.8,21.8,7.6,22.2,7.4,22,5.6,22.4,8
2020-02-10,20.4,8,23.2,7.6,21.4,7.4,21,7.4,23,9.2
2020-02-11,20.8,8.2,24.2,7.8,22.6,7,21.8,7,23.2,9
2020-02-12,22,9.2,26.4,9,24.2,10.4,25,8.6,23.2,10.4
2020-02-13,25,12,29.2,11.8,27.4,14,28.4,10.4,23.8,13.2
2020-02-14,24,14.8,27,16.8,24.6,15,20.6,12,23.6,13.2
2020-02-15,21.6,11.4,26.4,12,25,12.8,25.6,10.2,23.8,13.6
2020-02-16,23,12,28,10,26.4,10.4,24,10.6,25.8,11.6
2020-02-17,22.4,12.2,28,10.8,26.2,10.4,25.2,11,25.6,12.6
2020-02-18,24.4,11,25.4,10.4,25.2,12,25,10.2,25.4,14.4
2020-02-19,25.2,10,29.2,11.6,NA,NA,23,10.6,26.8,11.6
2020-02-20,25,15,29.4,15,27.2,14.8,25.8,10.4,25.8,13.4
2020-02-21,19.8,15,26.6,16.6,20,14.6,19,12.2,23.2,15.8
2020-02-22,22.6,14.8,21.8,14.4,24.4,14.2,24.2,11,26.8,16
2020-02-23,25.4,13.4,24.6,13.6,26.6,14,21.4,11.6,27.8,17
2020-02-24,25.2,13,26,14.2,26,13.6,24.6,9.6,26,17
2020-02-25,23,14,25.8,14.2,25.8,14.6,22.8,10.6,28.6,15.6
2020-02-26,22.4,13.4,28.2,14.6,27.2,14,22,12.4,19.6,14.8
2020-02-27,22.6,13.4,28.6,16.8,26.8,14.6,21.2,12.8,22.8,13
2020-02-28,24.2,14.6,28.8,17.6,26.2,17.8,22.8,12.8,25.6,13.6
2020-02-29,26,16.6,31.2,17.8,27.2,16,23.6,12.8,26.8,14.8
2020-03-01,25.5,15,29,15.6,27.6,15.8,26,11,27.7,15.4
2020-03-02,26,14.4,29.6,17.4,27.8,16,25.6,11.2,28,17.2
2020-03-03,26.6,15.4,29,19,28.6,15.4,25,12,29,16.8
2020-03-04,27.2,13.4,22.2,17.4,28.8,15.8,26,12.2,30,16.6
2020-03-05,24.4,16.4,26.4,15.4,26.6,15.4,24,14.8,28,18
2020-03-06,16.4,14.2,26.8,16.4,21.4,14.4,17.6,11.4,26,16
2020-03-07,21,13.4,24.8,16,21,14.2,15,11.2,23.8,17.4
2020-03-08,23.8,13,25.6,15,24.4,13,23.4,9.6,25.4,15.4
2020-03-09,25.2,13.6,27,13,25,13.8,25.4,11,26.2,16.4
2020-03-10,24.4,12,22.8,14.4,25.6,12.2,24,11.4,25.8,14.4
2020-03-11,26.2,14.8,29,15.8,27,16.4,22,14,26.4,15.6
2020-03-12,28.6,17.4,29.4,17.6,27,16,25,12.6,30.6,18.2
2020-03-13,25.2,17,28.8,15.8,28,15,17,13,21.8,18
2020-03-14,25.6,16.4,26.7,18.6,23.6,16.2,23,10.6,25,17.4
2020-03-15,22.8,14,26.5,15,25,13.2,23,11.6,27.8,17.2
2020-03-16,25.6,13.2,25.8,14.4,26.2,13.8,25.6,11,27.4,17.8
2020-03-17,27.4,14.4,28,13.8,27.4,14.4,26.8,10.6,27,16
2020-03-18,28,15,30.6,15,29.2,14.8,27,12.8,27.8,17.6
2020-03-19,28.4,15.8,32.6,16.4,29.8,17.4,26.8,12.6,30,18.6
2020-03-20,29.4,16.6,34.2,17,31.2,18.4,27.6,13,31,18.2
2020-03-21,29.4,18,31.6,18.6,29.8,19,28,13.8,22.8,17.6
2020-03-22,27.8,18.4,32.8,18.8,30.4,17.4,27.6,13.4,28.4,16
2020-03-23,29.2,17,32.4,18.6,32.2,18.6,27,15,29,18.2
2020-03-24,29.6,17.4,34.2,19,32.8,19.2,28.4,15.8,30.2,18
2020-03-25,31.4,18.6,34.2,21.6,33,18.2,27.8,16,31.8,19.2
2020-03-26,31,21.2,32.6,22.2,28,21.2,28,17.4,31.4,22.2
2020-03-27,23,18.4,24.4,19,26,19.4,22.8,15.2,31.4,21.8
2020-03-28,29,17,30.2,18,27.6,16.8,26,14.8,32,20.6
2020-03-29,30,17.4,31.2,16.8,29.8,18.4,28,14.2,31.4,21
2020-03-30,30.4,16.4,32.6,16.6,29.6,17.4,27.6,13.4,31.8,20.6
2020-03-31,31,16.2,35,17.4,32.2,17.6,28.4,14.4,32.4,20.2
2020-04-01,33.6,19.6,35.8,20,32.6,18.8,30,18.6,34.8,17.2
2020-04-02,31.4,19.4,32.8,21.6,30.6,20,28.2,15.6,34.8,19.8
2020-04-03,30.4,16.2,33.4,17.8,29.6,16.8,28,12.6,32.6,23
2020-04-04,32.2,15.4,33.8,16.8,32.2,16,28.8,13.8,33,19.4
2020-04-05,32.6,16,35.2,17.8,32.8,17.6,28.8,14.4,34.6,16.4
2020-04-06,34.6,18,37.4,19.8,35.6,19.6,32.6,15.6,36,23.8
2020-04-07,34,19.8,38,20.4,33.2,19.4,28.6,15,36.8,24.2
2020-04-08,34.6,22.6,36.2,22.4,32.4,21,30,16,33.6,21.8
2020-04-09,32.4,17.8,35.6,19.8,32.8,13.5,29.6,14.6,36.4,20.6
2020-04-10,35,17,36.4,18.4,35.2,18.4,31,15.8,36.2,17.6
2020-04-11,36.4,19.8,39.2,21.4,36.8,21.2,32.6,17,36.2,18.8
2020-04-12,35.2,20.2,37.8,23.4,36.2,21.2,33.2,17.4,37.2,21.8
2020-04-13,36.4,19.6,38.6,22.4,37.6,22,34,18.4,36.2,23.6
2020-04-14,37.2,21.6,40,24.4,39.2,24.8,34.4,18.8,37.2,25
2020-04-15,37.8,24,39.8,23.8,39.6,25.2,35,21.2,35.4,24
2020-04-16,36.6,23.8,40.4,24.8,38.8,23.2,34,20.2,35.6,23.2
2020-04-17,35.6,23.4,38,25.6,36.8,24,32,20.6,36,24.6
2020-04-18,35.4,20.4,38.8,24.4,36,21.6,33.6,21,36,22.4
2020-04-19,34.6,21.4,35.6,24,34.4,20.6,31.8,17.8,37.4,24.2
2020-04-20,32,20.2,33.6,23,32.4,21.4,29.4,17.6,35.2,22.2
2020-04-21,32.6,20,35.4,20.2,34.2,20.2,30,16.2,31.2,21
2020-04-22,33,20.2,36.2,22.4,35.4,20.2,29.6,16.8,32.6,19.4
2020-04-23,35.4,22.4,35,24,34.2,23.4,32,17.6,33.2,21.4
2020-04-24,35,20.6,37.8,22.8,36.6,21.6,32,17.2,33.8,22
2020-04-25,32.4,22,37.2,25,37.2,25.2,32.4,18.4,32.4,24
2020-04-26,29.6,19,38.2,22.2,30,21.4,23.8,18,30.6,23.6
2020-04-27,28.4,18.2,34,20,33.2,19.4,26.6,16,30.4,22.6
2020-04-28,30.2,19.4,35.4,23.8,33.4,23.6,30,15.4,32,22.4
2020-04-29,31.4,22,36.6,25,35.4,23.8,28.6,18.2,33,21
2020-04-30,33.6,23,39.4,25.4,37.8,26.4,30.8,20.2,33,23.8
2020-05-01,30.4,22,40.4,28,38.4,25.8,28.4,17.8,24.6,19.6
2020-05-02,32.6,21.6,40.4,25.6,37,25.6,31.4,20.6,31,21.2
2020-05-03,32.4,23.6,39,21.4,34.4,23,31.6,19.2,33.4,22.6
2020-05-04,34,22.2,35,22.4,35,21,30.6,19.4,33,25
2020-05-05,33,24,36,23.4,36.6,24,30,19.4,32,22
2020-05-06,33.8,21,36.6,24.4,34,25.2,29.4,18.8,32,20.4
2020-05-07,31.6,16.4,36.4,23.4,36.6,23,30,16,28.8,21.4
2020-05-08,34,21.2,41.2,24,39.2,24,30.6,18,32.8,20.6
2020-05-09,35.4,24,41,25.6,40.4,27.6,32,19.6,33.8,23.2
2020-05-10,33.6,20.2,40,24.6,35.2,24.2,26.6,18.6,31.4,25.2
2020-05-11,33.4,19,37.8,23.2,34.4,22,31.6,16.8,34.4,23
2020-05-12,32.8,23.4,38.4,26.8,37,25.6,31.4,21.6,35,24.4
2020-05-13,33.4,23.6,37.4,26,34.6,27.4,30,20.8,36.6,25
2020-05-14,35.8,23.4,40.8,25.2,39.2,24.6,33,20.4,37.6,26.4
2020-05-15,37.6,24.8,40.4,28.6,38,25,34.8,20,37.4,26.4
2020-05-16,37.4,23,40,27,39.4,24.6,35,20,39.4,26.6
2020-05-17,39.2,22,41.6,25,40.4,24.6,36,19.4,40,23.4
2020-05-18,38.8,23.2,41.6,27.4,40.4,24.2,36.2,19.6,38.8,25.6
2020-05-19,39,22.6,41.8,25.4,40.2,23.4,35.8,18.2,36.8,27.4
2020-05-20,38.4,21.4,40.8,25,39.4,23.6,35,18.6,36.2,26.4
2020-05-21,37.4,21,41.6,24.2,41.4,25.8,36,19.6,37.4,25
2020-05-22,40,22.6,44.4,24.8,43.4,24.6,36.8,20.4,36.8,26
2020-05-23,39.2,26.6,45.4,29,44.2,27,37.8,21.6,36,26
2020-05-24,41.4,28.4,45,30,44,30,38,23.6,39,27.6
2020-05-25,42,26.4,45,30,43.8,28.8,38.4,22,42,27.2
2020-05-26,42,26.4,44.8,29.4,45.6,29.4,39,21.4,41.4,28.4
2020-05-27,41,26.2,45.6,32,45.2,30.6,39,22.8,36.6,27.2
2020-05-28,34.4,27.4,42.6,30.4,39.6,23.8,34.8,24,32,23
2020-05-29,34,22.4,39,25.6,33.2,24.2,30,22,33.4,25
2020-05-30,29.2,22.6,34.4,24,34.2,24.6,27.2,21.6,33.8,24.2
2020-05-31,28.6,23,36.2,24,33.6,21.4,27,21.4,32,23.2
2020-06-01,31.8,24,37.4,24.4,35,22.2,31,20,NA,NA
2020-06-02,35.2,23.4,37.8,29.6,36.4,26.8,32.4,21.2,34.6,25
2020-06-03,38,26,36.6,27.8,36,25.8,32.8,22,35.4,26.6
2020-06-04,32,26.6,31.6,24.6,34.6,26,32.6,20.6,31.2,25.4
2020-06-05,29,24,34.2,22.4,35.2,26.2,28.2,20.8,25.4,23.6
2020-06-06,34.4,22.6,35,23.2,36.4,25.2,31.6,20,25.4,23.6
2020-06-07,35.6,25.6,37.6,27,34.2,26.4,30.6,22.4,33.6,24.6
2020-06-08,37.6,25.4,38.4,26.8,37.4,25.6,33.4,22.8,35.6,25.4
2020-06-09,39.4,26.6,40,28.6,39.6,27.6,34.6,22.4,36.6,27
2020-06-10,40.4,28,41.8,29.6,40,29.6,34,24.6,36.6,29.2
2020-06-11,37.2,29.6,38.6,30,40.2,28.8,34,23.6,36.4,29.2
2020-06-12,39.6,29,40,29.8,40.2,31.2,34.6,26,35.6,29.2
2020-06-13,37,30,40.6,29.8,38.6,30.2,34,23.2,35,28
2020-06-14,34.6,27.2,36.8,28.8,40,28.8,32.8,23.6,35.6,26.8
2020-06-15,35.4,28.6,39.8,29.2,41.2,29.8,34,22,34.4,28
2020-06-16,38,28.4,41.2,28.8,41.8,31.2,33.6,23.8,30.6,25.6
2020-06-17,36,27.8,41,30,40.4,30.8,33,22.2,34.2,27.2
2020-06-18,39.8,29.2,42.2,30.4,42.2,29.8,34.6,25,31,27.6
2020-06-19,36,28,41.4,31.2,41,31.2,32.4,25.4,31,27
2020-06-20,35,28,39,30,38,24.6,32.6,25.8,28.4,25
2020-06-21,31.6,24.4,38.2,29.6,36,27.2,30.8,22.4,32.2,26.4
2020-06-22,36.6,26.2,38.4,28.8,37,25,33,24.8,32,26.6
2020-06-23,32,26,35.8,26,37,28.6,33,25.4,32.2,27.6
2020-06-24,32.4,27.6,32.8,26.8,34,28,31.2,25.6,34.4,28.2
2020-06-25,31,27.4,36,27.4,36.4,28,32,24.4,29.8,25.2
2020-06-26,34.6,26.4,38.8,29.8,37,28.6,33,25,33,26.2
2020-06-27,36.4,28.6,34.6,29.2,40,29.4,33.4,26,32.4,27.4
2020-06-28,37.8,28.8,39.8,30.2,40,30.4,35.8,25,27.6,26.4
2020-06-29,30.2,26,40.4,28.2,41,28.4,33.2,25.8,29.4,26
2020-06-30,34.6,26.6,37.8,27.6,37,27.2,33.8,24.6,30.8,26.8
2020-07-01,35.4,28.4,38.6,30.4,38,30,33.4,23.6,33.4,27.6
2020-07-02,36.8,30.2,40.4,30.4,40,31.4,32.4,21.8,33,28.4
2020-07-03,31.8,25.8,42.2,32,41,31.3,33.6,26.6,33.4,28.4
2020-07-04,32.4,28.2,38.8,29.8,40,30.2,32,25,29.4,27.4
2020-07-05,32,26.4,35,29,34,23,31.2,21.6,34,27
2020-07-06,33.4,26,33.4,29,35,26.8,32,24.4,34,27.2
2020-07-07,26.4,25,32,27.4,35,27.8,31.2,23.4,31,27
2020-07-08,31.2,25.4,35,27.6,36,28,32.6,24.6,33.6,26
2020-07-09,34.4,27.6,37,26,38,28.6,34,23.8,29.6,27.4
2020-07-10,34,28,35,28,38.2,28,33,24.8,28.2,25
2020-07-11,32.4,27.2,36,30,36.6,25,30.6,24.8,31.6,26
2020-07-12,33.4,26.4,37,26.4,35,27.2,31,22.2,33.2,26.6
2020-07-13,34.4,27,37.2,27.8,36.8,27.2,33.6,24,32.2,25
2020-07-14,35,28.4,37.4,29.2,37.8,28.8,33.4,25.8,30.4,25.6
2020-07-15,33.6,27.6,34.6,27.4,36.8,30,32.8,25.4,33,26
2020-07-16,35,27.4,34.5,28,37.4,29,32.8,26,33.8,28.6
2020-07-17,35.8,29,37.4,28.2,35.6,20.8,34,25.8,34.8,29
2020-07-18,33,26.4,38,29.8,34.8,30,30.4,26.2,32.8,29
2020-07-19,34,27.8,35.8,29,34,26,33.6,26,28.8,26
2020-07-20,32,28.6,33.6,25,32.4,26.4,30.2,24.4,31.6,26.6
2020-07-21,32.2,24,34.6,26.2,31.8,24,25,22.6,31,26.2
2020-07-22,32.2,24.2,34.2,26.6,27.2,24.6,27.2,21.8,33.6,27
2020-07-23,33,26.2,34.8,25.8,34.4,24.8,31.6,23,32,27.4
2020-07-24,33,26.4,36,27.6,35,26.8,32,22.4,29.4,26
2020-07-25,31,26.6,35,28,35.4,25.8,31.2,24,32,26.8
2020-07-26,33.6,26.2,36,26.8,36,28.2,32.8,24.6,35,27
2020-07-27,34.4,28,38,28.8,37,29.4,32,23.6,31,27
2020-07-28,34,26.4,36,28,37,29.8,30.8,24.4,28.4,25
2020-07-29,27,25,30,26.2,36.4,26,28,24.6,31,26
2020-07-30,29.2,26,34,26,31.4,27,30.6,24.4,31,26
2020-07-31,30,25,36,28.4,34,28.4,31.2,23.6,29,26
2020-08-01,32.4,27.4,34.8,27.6,36.2,28.2,30,23.4,32.6,27
2020-08-02,34.2,28,36,27.4,36.8,27,31.6,24.6,33,28
2020-08-03,31.4,28,33.4,27.2,37,29.4,31.7,25.8,34,27
2020-08-04,33.6,27.2,36,24,36,30.4,33,25.2,35.4,27
2020-08-05,33.4,29,31.2,26,32.6,29.2,33.6,26.6,35,26
2020-08-06,35,29,31,26,37.2,28.8,34.2,26,33,27.4
2020-08-07,34.8,28,33,26.6,36,28.6,32.2,26.2,34,27
2020-08-08,35.2,29,35,27.2,37.4,29.4,33.6,26,34,28
2020-08-09,33,27.6,33,26.8,35,27.8,29.8,25.8,32.4,28
2020-08-10,31,27.2,32.4,27,34,28.6,27.8,24.6,34,28.6
2020-08-11,30,27.4,34.8,26.4,36.6,29,30.2,25,34,27
2020-08-12,30,27.4,32,26.4,36,27.4,29,25,30.4,27
2020-08-13,28.4,26.2,31.4,27,29,25,26.8,25,32.8,26.6
2020-08-14,31,26.2,31,26.4,32,26.8,30.6,25.2,34,28.8
2020-08-15,33.6,27,32.8,27.2,35,27.8,32.2,24.6,35,28
2020-08-16,31.6,19,34,27.8,36,28.8,29,24.6,33.4,28
2020-08-17,34.2,28,34,26.4,35,28.4,29.8,25.4,33.2,28
2020-08-18,34,26.4,35,27,35,28.4,30.4,25,34,28
2020-08-19,28,25.2,31.4,27,28.4,25,25,24,32.8,28
2020-08-20,33.6,26,30.4,26,29,25,29.4,23.8,34,28
2020-08-21,34,26.4,31,27,35,25,28.6,22.4,32,27.4
2020-08-22,32,26.6,30.6,26,35,26.6,31.4,24.4,30,25
2020-08-23,31,27,31,25,33.6,27.8,32,24.4,28.2,26
2020-08-24,33,25.6,31.4,26.2,32.6,27,30.8,24.8,33,26
2020-08-25,33.6,26.6,32,26,33,27,31.8,25,35,28.2
2020-08-26,34.4,26,32,26.4,34,28,32.2,23,33.4,27.4
2020-08-27,31.6,25.4,32.2,27.6,35,27.6,31.4,23.8,33,27
2020-08-28,30.4,25.4,32.8,27,33,26,30,23.6,32,27
2020-08-29,33.6,25.4,32,26,35,26.2,32,23.8,33,27.4
2020-08-30,32.4,26.2,29.4,25,31,27.2,32.4,24.8,34,27
2020-08-31,33.4,26.6,32.2,24.6,33,26,30.8,24,34,28
2020-09-01,33,26,33,24.8,35,26.2,32.4,25.6,33,28.6
2020-09-02,33.2,27,31.4,26,34.4,26.8,32.8,26,32,28
2020-09-03,33.6,27.4,31,25,34.6,29,31.2,26,33,27
2020-09-04,34.2,27.2,34,25.6,35,28.2,31.6,24.6,35,27
2020-09-05,34,27.4,34,26,37,23.8,34,24,35.2,27.6
2020-09-06,34.4,26.6,35.2,27,35,25.6,29.6,23.6,34.2,27
2020-09-07,34.8,27.2,35,27,34,27,33.2,22.4,34,26
2020-09-08,34,27.6,34.6,27,35.2,26.6,32.4,24.4,32.4,28
2020-09-09,35,27.6,35.8,28,35.4,27.4,32.8,23.2,31.6,27.2
2020-09-10,33.6,27,36.6,27.6,34.4,27.4,32.8,24.2,32.4,27
2020-09-11,35.4,27.8,36.4,27,37.4,27.2,32.6,25,31,27
2020-09-12,34,28,37,27,37,26.8,31,25,33.4,27.6
2020-09-13,34.4,28,37,27,36.2,28.2,30.6,23.2,33,27
2020-09-14,34.2,27.6,37.2,27.8,37,28.8,31,24.6,31,25
2020-09-15,34,28,37,28,37.2,27.4,32,24.4,30,26.8
2020-09-16,33.4,27.4,37,27,38,28.4,31.6,25.4,33.2,26
2020-09-17,35,27.4,38,27,37,28,32.8,24,30.6,26
2020-09-18,35.4,27,38,29,38,29.2,32.8,24.8,30,26.8
2020-09-19,33.4,28.4,38,28,37,29,32.2,24.4,32.2,27
2020-09-20,34.8,27,36,27,37,28,33.8,24.8,35.4,25
2020-09-21,36.8,27.2,34.8,27.8,37,28.2,35,23.4,34.4,27
2020-09-22,35,27.4,35,27,37,28.8,32.6,24.8,30.4,26
2020-09-23,31.6,24.2,32.4,27,36.2,28.6,29.4,23.4,28,25.6
2020-09-24,28.4,25.2,34.8,26,36,27.4,30.4,21.2,26,24
2020-09-25,32.4,24.6,38,25,37.2,27,31.8,24.4,31,24
2020-09-26,32.6,26.2,37.2,25,34,25.8,32.2,22,32,24
2020-09-27,33,25.6,35,25,36,24.8,30.6,22.4,33,26
2020-09-28,33,23.6,37.4,25,36,24.4,31.8,21,33.2,24
2020-09-29,33.4,23,37,23.8,36.2,24,31.2,20,34,25
2020-09-30,32.4,22.8,36.6,23.4,35.2,23.8,31.6,19.8,33,25
2020-10-01,32.4,22.8,37,22,37,23.4,32.2,20.4,33.4,24
2020-10-02,33.2,23.2,38,21.8,36,22.2,32,21,33.2,24
2020-10-03,33.2,23,37,21,36,21.8,33.2,20.6,33,26
2020-10-04,33.4,22.6,36,20,35,20.4,32,19.2,33,26
2020-10-05,34,21,36,19,35,20.8,32,19,34.6,26
2020-10-06,33.6,21.4,37,19,36.2,19.8,33.2,19,34.4,25
2020-10-07,33.4,21.6,37,19.6,36,20.2,32.6,18.8,34,23
2020-10-08,32.6,20,35.4,20.4,36,20.6,32.8,18.6,34.4,23
2020-10-09,33,19.8,36,19,35,20.6,32.6,18,34.2,24
2020-10-10,32.8,20,36,20.2,35,20.8,32.4,18.4,34,23
2020-10-11,32.8,21,35,20,35.4,21.6,33,18.4,34.2,21
2020-10-12,32.6,22.2,36,20,35,21,32.4,19.2,33.8,22
2020-10-13,32,22.4,36,21.8,35,21.4,31.2,19.4,33,23
2020-10-14,32.6,22,35,25,34.2,24.6,31.8,19,34,25
2020-10-15,33,22.2,35,23.4,34.6,21.2,32.4,19.4,34.4,25
2020-10-16,33,21,34.8,24.4,34,18.6,31.2,19.4,34.8,23
2020-10-17,32.4,19.2,35.4,22,35,18.6,31,17.4,34.2,24.6
2020-10-18,32,18.6,35.4,21.6,34.6,18.2,31.2,17.6,32.8,23.2
2020-10-19,31.5,18.4,31,22.8,33.5,17,31,17.4,33.5,21.8
2020-10-20,31.4,17.8,33.2,19.6,34,15.8,30.6,17.6,32.8,22.4
2020-10-21,31,17.8,34.8,17,35,16.6,31,16.4,33,23.2
2020-10-22,31,17.2,34.8,19.8,33,19,30.4,15.8,32.6,24.2
2020-10-23,31.6,17.6,34.6,17.8,33.6,16,30.4,14.8,32.2,23.6
2020-10-24,31,15.4,35,18,33,16.2,30.2,14.8,32.8,20
2020-10-25,29.4,15.4,34.8,17.8,33.2,15.6,29.8,14,32.2,17
2020-10-26,29.6,16.6,34.4,19.6,33,16.6,29.6,13.8,31.4,16
2020-10-27,29.4,14.6,33.2,17,31.4,16,28.9,13,32,17
2020-10-28,29,14.2,32,15.8,31,14,29.2,13.6,32,16
2020-10-29,29.6,15,32.6,15.2,31.2,14.4,30.2,14,32,15.6
2020-10-30,29.8,15,31.4,15.6,31.2,15,29.8,14,33.2,17.4
2020-10-31,28.8,15.6,30,15,31,15,30.6,14.6,32.4,19
2020-11-01,28.4,15,30.8,13,30.2,12,29,15.2,32.2,21
2020-11-02,27.4,13.4,30.4,12,30,12.8,28.8,14.6,30.4,17
2020-11-03,27.2,12.6,32,12.4,30.2,12,27.4,13.2,29,20.8
2020-11-04,25.2,12,31.4,12.2,28,12.4,27.4,12,28.6,16.6
2020-11-05,27,13.4,32.2,13.4,30.6,13.2,28.4,12.6,28.4,14.2
2020-11-06,27.4,14.2,32.8,13,30.8,13.4,28.4,12.4,29,15.2
2020-11-07,27.6,12.4,32,13.2,28.6,12.8,26.4,12,29.2,15.6
2020-11-08,26.4,14,31,13.2,28.6,12.6,25.6,12,29.6,16.2
2020-11-09,26.6,14,26,13,28.2,12.2,27.8,12.4,30.4,16.2
2020-11-10,27.4,14.4,28.4,12.8,29.2,12.6,28.2,11.8,30.6,15.6
2020-11-11,27.2,14,28.4,13.8,29.2,13.2,27,12.8,30.2,16.4
2020-11-12,26.8,13.8,30.2,12.6,28.4,13,27,11.6,30,16.6
2020-11-13,26.6,14,29.8,14.8,29.6,13.8,27,11.8,30,17.4
2020-11-14,26,13,30.6,14.4,28,12.4,25.4,12.6,28.6,16.8
2020-11-15,26.4,13,28.6,16,29,13,26.2,12.4,29.2,14.6
2020-11-16,24.6,16,23.4,18.4,25.2,17.6,21.6,12.8,20.8,14.8
2020-11-17,25.2,14.6,22.4,16.8,25.8,14.8,25.8,10.6,28,14.8
2020-11-18,24,14.2,24.4,16,25,12.8,24.4,10.6,28.2,18.8
2020-11-19,24,13.6,24.6,16.4,25.4,11.4,22.8,11.4,28.6,17.2
2020-11-20,23.4,11,24.8,13,25.2,9.8,23.8,9.6,27,17
2020-11-22,22,9,24,10.4,24,9.2,23,8,24.6,13.4
2020-11-23,22.2,9.4,32,9.2,25.4,8.4,20,10,25.6,11
2020-11-24,22.8,9.2,25.2,9.4,24.4,9,20.4,10.4,25,11.4
2020-11-25,22.2,11.8,26.6,10.4,22.4,10.2,18.8,11.8,26.8,12
2020-11-26,21.6,11.8,24,12.2,25,14.6,22.6,12.8,26.6,13.8
2020-11-27,24.8,11.2,24.8,13,26.8,12.4,25.4,10,27,15.2
2020-11-28,24.2,10.8,26.4,11.2,26.2,11.4,27,9.8,27.8,13.2
2020-11-29,23.8,10,25.6,10.4,25.8,9.2,23,10.6,26.4,14.2
2020-11-30,22.8,9.4,27,9.4,25.6,9.2,25,10,26.4,12.6
2020-12-01,23.4,10.4,27,10.6,26.8,9.4,24.4,10.6,27,12
2020-12-02,23.4,10.8,27,10.6,26.6,10.2,24.8,10,26.2,13
2020-12-03,22.6,11.4,29,11,27,10.2,24.4,10.2,27,13.2
2020-12-04,22.4,11.6,30.6,11.4,27.6,10.2,24,10,26,13.4
2020-12-05,23.4,11.8,30.4,12.4,27,12,25,10.4,26.2,13.6
2020-12-06,24.2,13.2,30,12.6,28,12.8,26,10.4,25,13.4
2020-12-07,23.6,12.4,29.4,13,26.2,13.6,25.8,10.8,24.4,14.4
2020-12-08,21.8,12,29,12,27.2,11.4,24.8,11.2,22.4,16.6
2020-12-09,21.2,10.6,30.4,12.4,28.6,11.4,26,11,19,16.4
2020-12-10,19.4,14,31,13.6,27.6,12.2,26.4,12.5,21.8,16
2020-12-11,18.6,12.8,25,13.4,24.2,12.4,25.8,10.2,20,13.4
2020-12-12,19,12.6,24.8,17.4,21.6,13.2,21,11,19.4,14.8
2020-12-13,22,12.8,21.4,14,20.2,10.8,21.4,9.2,24.6,14
2020-12-14,18,9.4,20.6,11,15.6,8.6,19.6,9.6,24.8,15
2020-12-15,16,8.6,19.2,12,18.4,5.6,20.4,8.4,23.4,13
2020-12-16,15.8,7.6,21.2,10.2,18.2,7.4,20,6.8,24.6,14.6
2020-12-17,10.2,5.2,20.2,9.2,15,5.4,19.4,4.6,21.4,13
2020-12-18,11,4,20.4,4.8,19.6,6,20,4.4,14.4,7
2020-12-19,12.4,3.6,23.6,5.4,22,6,21.2,4.6,15.6,6.2
2020-12-20,14,4.6,22.8,6,21.4,5.2,21,5.2,14,7.6
2020-12-21,19,5,25.4,6.8,23.2,7.2,19,5.8,17.2,7
2020-12-22,20.4,7.4,23.4,8.2,23.8,7.2,22.4,6.2,23,8
2020-12-23,21,6.8,24.4,10,22.8,5.6,24.2,6.6,23,9
2020-12-24,20.4,7,24,8,23,6.2,21,6.6,23.4,10.6
2020-12-25,20.4,6.6,22.4,7.8,21.8,6.6,21.8,5,22.4,9.6
2020-12-26,19.4,6.6,24.6,6.8,21.8,7,21.8,5.6,22,9
2020-12-27,19.4,6.2,25,8,21.4,7,20.2,4.8,21.8,7.8
2020-12-28,18.6,8.6,19.6,8,19.4,7.2,18.6,7.6,22,7
2020-12-29,18.6,7,20,5.2,17.8,5.4,18.6,5.6,22.4,8.8
2020-12-30,15,6,18.8,5,15.8,6,20,5.6,23,9.6
2020-12-31,11.4,5,16,5.8,17,5.8,20.4,4.4,21.6,9.8
2021-01-01,15.4,4.8,20.4,6,18.4,3,20.4,5,21,7.4
2021-01-02,18,5,17.4,9,NA,NA,18.8,5.4,22.4,7
2021-01-03,21.4,10.2,24.4,13.4,15.6,10.2,20.8,10.6,23.4,9.6
2021-01-04,23.2,14.8,24.2,15.4,22.4,11.8,24,10,20.2,14.6
2021-01-05,24.6,14,27,14.2,21,14.2,16.6,13,22.6,15.6
2021-01-06,21.8,14.8,24.8,16,20.8,14.8,20.6,10.8,26.4,14
2021-01-07,21,13.2,18.6,15.8,19.8,12.4,23,9,26.6,15.4
2021-01-08,15.4,11.6,19.6,14.6,16.8,11.2,24.4,7.8,24.8,16.4
2021-01-09,23.8,11.6,21,13.6,19.6,11.5,26.2,8.2,22.6,14
2021-01-10,19.8,11,22,14,16,9,23.2,10,24.8,15.6
2021-01-11,13,9.4,21,10,16.8,9.2,20.2,9,15.6,9.4
2021-01-12,12.6,6.4,22.2,5.8,NA,NA,18.6,9.4,14.8,9.4
2021-01-13,16,5.4,22.4,4.8,16.8,4.8,17.8,9,12.6,9.8
2021-01-14,17.2,6,23.6,5.4,19,4.2,19.2,7,17.4,10.4
2021-01-15,18,7,23.6,6.2,20,6.8,20.4,8.2,15,11
2021-01-16,18.4,6.8,24,6.8,18.2,8,22.4,7.8,14.2,12.4
2021-01-17,14.2,8.6,19.8,8.4,14.4,7.4,18.8,7.8,18.6,11.2
2021-01-18,20,7.2,21.4,11,19.4,9.8,19.2,7.8,19,10.4
2021-01-19,22,10,22,11.4,20.2,8.6,23,8.6,20.2,11
2021-01-20,17.4,11,25.6,9.6,17.4,9,19,7.8,17.4,11.4
2021-01-21,17.8,10.4,26,9,22.4,9.8,19.6,6,18,10.4
2021-01-22,15.6,9.4,26,7.4,18,5.4,17.4,5.8,19.8,9.8
2021-01-23,16,11,23,10.4,20,9.4,21.6,7.8,18,10.6
2021-01-24,14.2,9.6,15.2,10.6,14.6,9,21.6,8,16.8,11.4
2021-01-25,14,10.6,17.2,9.2,17.4,8.2,20.2,9,16.4,12
2021-01-26,16.2,8.2,17,7.6,20.2,6,20.4,8.4,15,11.4
2021-01-27,14.4,7,20.4,6.8,20.8,7,21.4,6.8,17.2,9.6
2021-01-28,16,7.2,21,7,18.8,5.4,19.6,5.6,16.8,8.6
2021-01-29,14.4,8.6,19.4,7.4,20.4,5.4,20,5.2,11.6,8
2021-01-30,15.4,7.6,23,5,21.2,6.4,20.2,4.6,15.4,8.8
2021-01-31,16.8,7,25,5.8,23.8,5,NA,NA,17,7
2021-02-01,18.6,8.6,27.2,7,26.2,7.2,21,7.2,17.4,8
2021-02-02,19.8,8.8,28.4,8.4,26.6,8,25,7.4,20,8.2
2021-02-03,23,9.6,29.4,10.2,26,10.8,20.8,8,24,8.6
2021-02-04,24,13.6,26.8,15.2,22.6,12.2,17.6,9.2,25.2,9.2
2021-02-05,22,12.4,23,12.8,21.6,9,16.6,6.4,21.6,12.2
2021-02-06,21.2,9,22.8,11.2,21.8,9.2,20.8,6,22.8,13.4
2021-02-07,20.6,10,22.6,10.4,23,10,24,7.6,24,12.6
2021-02-08,22.4,10,25.4,8.4,24.2,9.6,24.2,7.8,24,11.4
2021-02-09,21.4,10.8,27,10,25.2,9.6,20.4,9.4,22.6,12
2021-02-10,24,11.4,30,12.4,29.4,11.6,23.6,10.6,24,12
2021-02-11,11.4,11.4,14,14,11.4,11.4,10,10,14,12
2021-02-13,21.6,15.6,25.2,14.6,27,14,21,14.8,23.6,15.4
2021-02-14,23.6,13.2,28.6,11.2,28,10.8,22.8,11.8,26.6,13
2021-02-15,25.6,11.4,30,12.4,29.2,11,25.6,11.4,27,12.6
2021-02-16,26.2,12.6,27.2,14,29.2,13,26,10.4,27.6,11
2021-02-17,26.2,14.4,27.6,10,27,12,24.8,10,27.2,12
2021-02-18,26.4,13.4,28.4,11,28,11,25.4,10.2,27.6,13
2021-02-19,25.6,12.8,28,11,26.4,11,25.2,11,27,11
2021-02-20,17.5,15.6,17.5,14,18,14.6,17.2,14.6,19.2,17.6
2021-02-21,23.7,12.5,27.5,10.6,26,11.6,22.5,12.2,25.5,13.7
2021-02-22,25,14.6,31,11.4,29,13,26.2,13.4,27.6,12
2021-02-23,26.4,14.4,33,13,31.2,12.6,26.8,13.8,28,13
2021-02-24,28.8,14,33.8,13,32.2,13,29.4,14,29,15
2021-02-25,30.6,15,33.8,15,33,14.6,29.8,12.8,31.2,16
2021-02-26,30.6,16.2,34.4,16,33,16,30.4,13,29.8,18.4
2021-02-27,31,17.2,33.4,20.2,32,19,30,17,30.6,16.6
2021-02-28,30.6,17,33,17.8,32,17,28,14,31.4,20
2021-03-01,28.4,14.4,31.6,16.4,28.2,13,26.4,10.4,31.2,20.6
2021-03-02,27,14.4,30.6,12.2,28.4,16.8,27,10.8,27.4,16.6
2021-03-03,27.4,14,32.4,12.8,31,14,28.4,11.8,28,15.4
2021-03-04,30,13.4,34,14,34,14,28.8,11.8,29.4,14.8
2021-03-05,30,15.2,32,15.4,31,15.6,29.2,12.6,31.4,15.6
2021-03-06,29.2,16,34,14.2,31.4,17,29.6,12.4,29.6,17.6
2021-03-07,32.2,15.6,35.2,16.8,33.6,16.4,30,16.4,29,15
2021-03-08,30,19.4,35.4,18.8,32,21,30,17.2,29.2,19
2021-03-09,32.4,18,33,21,34,20.6,30.4,15,31.4,17.6
2021-03-10,31.4,16.8,34.4,20,33,19,30,15.5,32.2,18.4
2021-03-11,33.2,18.6,35.6,18.4,35,18,31.4,14.4,32.2,19
2021-03-12,28.6,19,23.6,12.4,31,19.4,25,15,32.8,20
2021-03-13,30,18.4,31.4,16.4,31,17,29.4,13.8,25,17.8
2021-03-14,30.4,17,33,17.4,31,16,29,13.6,30.8,16.8
2021-03-15,30.6,18.4,34.8,17.2,32,17.8,31.2,14.6,31.2,15.8
2021-03-16,31.8,18.2,34,18.8,32,18.8,30.4,15.4,33.4,18.4
2021-03-17,32,17.4,36,18.8,34,18.6,31,16,32,17
2021-03-18,30.8,18,37,19.4,34,18.2,32.4,15.4,33.4,18
2021-03-19,33,18,33.2,24.2,34.4,19.8,32,16.4,33.8,17.8
2021-03-20,33,19.4,34.4,21.6,33.2,18.8,31.8,16,34,21.2
2021-03-21,33.4,16.8,36.6,18.8,35,17.6,31.8,16.2,34.6,18.6
2021-03-22,34,18,36,19,31.6,21.4,30.2,17.2,35.8,18.4
2021-03-23,31.6,19.6,33.4,19.4,29,21.2,25,16,33.8,20.2
2021-03-24,32.6,20,33.2,19,33,18,30.4,14,34,23
2021-03-25,31.6,20,32.6,18,30,18.8,30,14,34,20.8
2021-03-26,31.2,19.6,33,16,32,18,31.6,13.6,33,18.6
2021-03-27,32.8,19.2,36,17.8,35,17.8,31.2,15.2,35,16
2021-03-28,34,17.4,38,19.4,37,19,32.2,16.8,35,16.8
2021-03-29,36.8,19.2,41,20,40,22,33.4,19.4,36,18
2021-03-30,37.4,19.8,40,23,37.8,20.8,35,18.2,37.2,20
2021-03-31,35.2,21.4,37.4,21,34.6,23,33,17.2,34,21
2021-04-01,34.6,16,37,21,34,21,30.8,13.4,34,21
2021-04-02,34,15.2,36.4,17.4,34.2,18.8,29.8,13.6,35,16
2021-04-03,34.6,12.8,36,17,35,13.4,31.2,11.6,36.2,15
2021-04-04,35.6,15.8,38,17,37,15.8,33.4,13,37,16
2021-04-05,38,17,40.2,19,39,20,36,20.4,35.2,17
2021-04-06,37.6,21.6,NA,NA,37.6,22,32.2,19.8,35.4,20.6
2021-04-07,37.2,25,38.4,25.4,35.6,23.2,33,20,37.4,22.6
2021-04-08,36.4,21,37.6,23,35,20,32.8,18.4,37.6,23.8
2021-04-09,37,16.6,37,20.2,36.4,15.8,33.6,15.6,37.4,22.4
2021-04-10,37,17.4,38.4,19.2,37,18.4,34,15.4,37.8,20
2021-04-11,37.6,18,38.4,19.4,38.8,18.6,35,16.6,37.8,18
2021-04-12,38.6,19.2,40,23,39,20,34.4,17.8,38.4,22.2
2021-04-13,38.8,21.4,40.8,21.6,39.4,21,35.4,18.2,39,21.8
2021-04-14,40.4,20.8,40.8,22,39.6,22,36.4,18,40.2,21
2021-04-15,39.6,21.8,39.8,24.8,40.4,23.6,37,20,37.6,23.4
2021-04-16,39.6,21.2,40.4,23.4,39.8,21.6,34.6,19.4,37.8,24.2
2021-04-17,37,25.6,37.2,24.4,33.6,19.6,32.6,18.8,35.4,24.4
2021-04-18,35.6,21,38,22.6,35.4,19.8,32.4,16.4,36.6,23.2
2021-04-19,38,21,40.4,23.2,37.2,20.4,34,16.6,37.6,23
2021-04-20,37.6,23.6,40.4,22.2,34,21,29.8,16.6,39.6,22.6
2021-04-21,34.6,21.7,36.6,24.4,33,21,31.2,22,34,23.6
2021-04-22,32,19.6,35,20.8,33.2,21.4,27.6,15.6,34.2,21.4
2021-04-23,34.6,21.4,39.8,22.4,32.4,22.4,18,14.8,35.6,20
2021-04-24,35.2,19.6,36.2,23,33,18.4,30.8,13,39.6,21.4
2021-04-25,37.6,20.6,37.2,20.4,36.8,20,34.6,15.2,37.6,21
2021-04-26,39,19.6,39.8,20,39.8,18.4,35.8,17,38.4,18.4
2021-04-27,40.2,19.8,42.2,20.8,41.4,21.4,37,18.8,39.8,19.2
2021-04-28,41.2,20,43.6,22.2,41.6,23.4,38.2,20.6,40.4,20.6
2021-04-29,40,24.4,42,25.4,41.8,24.6,38,21.6,36.6,26.6
2021-04-30,38.4,24.6,41.4,25.2,39.4,24.2,36.2,20.6,35,24.2
2021-05-01,39.8,24.6,41.8,28,40.8,29.2,34.8,22.4,37.6,24.4
2021-05-02,35.6,26,37.4,26.4,39.4,26,34.2,20.7,32,25
2021-05-03,37,25.6,36,25.4,38.6,25.6,33.4,21.6,35.4,23.8
2021-05-04,38.4,24.6,40.4,25.4,40.6,26.2,34.6,22.4,35,23.6
2021-05-05,36,25,39.8,25,39.6,26.6,30.4,22.4,34.4,23.4
2021-05-06,37.4,22.4,40.2,26.4,39.4,23.6,33,20.4,34.8,23
2021-05-07,32,22.2,37,24.4,35.2,23,32.2,19.2,32,20.4
2021-05-08,35.8,23.4,39.8,23.8,38.4,24.2,32.6,19.4,35.4,23.2
2021-05-09,36.4,23.4,38.4,26.6,39,25.6,31.8,19.4,30.4,22.6
2021-05-10,34,23.4,39,22.8,36.4,26,31.6,19.8,31.4,19.6
2021-05-11,37,25,39.4,25,39.4,25.8,35,21.4,31.6,23.2
2021-05-12,36,23,39.8,25.4,36.4,24.6,30.4,20.6,27.6,23.8
2021-05-13,31.4,21.6,35.8,24.8,34.4,23.4,27,18.4,30.8,20.8
2021-05-14,35,24.2,36.4,24.2,37,24.4,32.4,16.2,33.8,23.4
2021-05-15,35,23.6,38.8,26,38.6,24.8,34,19.8,36.4,23.4
2021-05-16,39.6,23,40.6,26,39.2,23.2,36.4,24,37.6,25
2021-05-17,34,25,32.4,23.8,37.2,25.4,35.2,20.6,34.8,26
2021-05-18,29.8,26,30.4,21.4,30.2,24.8,30.8,23.4,30.2,25.8
2021-05-19,25,22.6,29.4,23.4,23.8,21.2,25,20.2,28.4,24.6
2021-05-20,25.2,22.5,29,24.4,31,21,26.6,18.2,24.2,23.4
2021-05-21,29.4,21,34.2,23,32.4,21,30.2,18.8,29.2,23.8
2021-05-22,33.2,22.8,36,25,35,19.2,33.6,21.4,34.4,24.2
2021-05-23,35.6,23.6,35.8,24.4,33.2,24,32.6,21,35.4,25.2
2021-05-24,34.4,23.4,36.8,25,35.8,23,34,20.6,36,25.2
2021-05-25,36.4,23.2,38.4,24.6,38.6,24.8,36.6,20.6,34.8,26
2021-05-26,37.4,24.2,40.7,24.4,39.2,24,35.4,19.6,33,26.4
2021-05-27,36.6,26.6,40.4,25.4,40.6,24,35.2,21.6,26.4,24.4
2021-05-28,36,25,39,26.2,38.2,26.4,33.6,25.4,25,23.6
2021-05-29,32.2,24.8,38.2,27,36.6,28,31.8,21,27.2,22.8
2021-05-30,37,25.6,39.4,27.6,36.8,27.2,33,20,32.2,25.6
2021-05-31,38.2,29.4,40.6,27,38.8,26,34,24.4,34,26.6
2021-06-01,32.6,20.8,37,27.2,33.4,20.4,31,20,33,24.4
2021-06-02,34.8,24.6,38.8,27.6,35.8,23,33,20.6,33.8,23.4
2021-06-03,35.4,26.6,40.2,27.2,37.2,26.2,34,20,35.6,25.2
2021-06-04,37,26.6,39.8,29,39.2,26,34.8,22,36.8,28.4
2021-06-05,36.6,27,37.4,30.4,37.4,25,35.2,24,36.6,29.2
2021-06-06,39,28,39.4,28.6,37.6,25.2,35.4,23.6,37.4,29
2021-06-07,39.4,28.6,41.4,30,39.6,27.8,36,23.8,38.4,29
2021-06-08,39.4,30.4,42.4,32.8,41.2,30.8,36,25.4,37.6,28
2021-06-09,37.6,30.2,42,34,41.6,32.8,36.4,25.4,31.6,26.2
2021-06-10,29.4,25.4,39.4,31.4,39,29,29.2,23.2,33.4,27
2021-06-11,34,23.6,39.6,27.1,38,24,32,24.6,35,27.4
2021-06-12,28.8,22.6,39.4,28,35.6,26.8,31,20,31.4,25.8
2021-06-13,33,25.8,36.8,26,35,26.4,32,23,31,25.4
2021-06-14,32.6,25.4,37.6,26.8,38.2,27.6,32.6,23.5,28.6,26.2
2021-06-15,30.6,25.6,38.8,26,38.2,28.6,33.2,24.6,27.6,26
2021-06-16,33.4,25.4,36.4,27,33,27,29.8,23,26.8,25.8
2021-06-17,33.2,25.6,38.4,27.4,35,28,33.4,23.6,30.8,26
2021-06-18,29,25,36.6,27.8,36.4,27.2,27.4,22.6,30.2,26.4
2021-06-19,27,25,36.6,26.8,34.6,27.4,24,22.6,29.4,26.2
2021-06-20,29.6,25,35.4,26.6,34,26.6,27.8,21.8,27.2,25.4
2021-06-21,33.6,26,37.2,27.6,36.4,27.2,32,23.4,30.6,25.6
2021-06-22,35.6,27,40,28.8,39.6,29,34,24.8,32.8,27.4
2021-06-23,33.2,28.6,40.2,29.6,40.2,29.6,34.2,24.8,32,26.4
2021-06-24,34.6,27,39.6,28,36.8,29.6,33.4,23.4,32.2,26
2021-06-25,35.4,26.6,38.6,27.6,39,27.4,34,22.6,29.4,26.2
2021-06-26,34.4,26.6,39.4,28.4,38.2,27.6,33,21.4,30.6,27
2021-06-27,34.6,26.4,38.6,29,38,27.8,34,24.6,34.2,27.6
2021-06-28,36,28.6,40.4,29.6,39.4,29.4,33,25.2,35,27.2
2021-06-29,38.6,29.4,42.4,30.2,41.6,29.4,35.2,25.4,34.2,28.8
2021-06-30,39.4,28,42.4,33.2,43,30,37,26.4,34,29.6
2021-07-01,39.2,30.6,40.4,33,43,30,35.2,25.4,33,28.8
2021-07-02,39,25.4,39.8,27.6,41,27.4,34.8,24,31,27
2021-07-03,35.4,24.6,39.4,26,37.6,28,33.4,23.4,32.6,25.6
2021-07-04,36,27.8,39,27.6,38.4,28.2,31.8,24.4,33.4,27.6
2021-07-05,37.6,29,39.8,29.6,39.2,29.6,33.8,21.6,31.6,26
2021-07-06,38.4,30.4,40.8,31.4,40,30.2,34.8,25,35.6,28
2021-07-07,39.4,30.6,41.4,31.4,41.4,31.2,34.6,25,32,28.2
2021-07-08,36,27.2,40.8,31.4,40.4,26.8,34.6,23.8,29.2,24.2
2021-07-09,36.2,27,38.4,30.4,37.2,28.6,34,23.4,32.4,26
2021-07-10,36.4,29.6,36.8,30.2,39.2,30.2,32.8,26.6,34.8,28
2021-07-11,33.4,27.8,35.8,27.4,38.2,30.2,30.6,26,31.4,28.6
2021-07-12,33,27,35,27.8,36.8,28.2,31.8,24.8,33.4,28.2
2021-07-13,36,28.4,37.4,27.2,30.8,25.2,25.4,23.6,36,28
2021-07-14,36.2,29.2,38.6,29.6,35,25.4,29,23.4,34.8,28
2021-07-15,35,29.4,39,30.2,35.4,25.4,30,23.2,34.2,28.4
2021-07-16,35.6,28,40.2,30.4,37.2,28.2,33,24,33.2,28.6
2021-07-17,35,29,39.8,27,38,30,29.8,25,29,25
2021-07-18,29.8,26,33,26,36.2,27.8,25.2,24,27.6,25.6
2021-07-19,28.2,25,29,25.8,27.6,25.6,24.8,24,33.4,26.8
2021-07-20,30,26.2,32.4,26.8,31.6,24.6,28.8,24,31.2,26.4
2021-07-21,27.4,25,32.8,26.6,34.2,25.4,32.6,24.4,32.2,26.8
2021-07-22,28.6,25.4,32.6,26.8,33.6,27.6,29,23.4,33.4,27.8
2021-07-23,34,26.6,33.2,27,34,27.2,35.4,25.2,35.4,28.8
2021-07-24,35.2,28,33.8,27.2,35.6,28.2,33.8,25.8,33.6,29
2021-07-25,34.4,30.4,34.4,27.4,37,29.4,28,25.6,34.4,28.6
2021-07-26,32.4,28.8,35.4,27.4,33,29.8,25.4,24.4,32,28.8
2021-07-27,30.8,26.6,28.2,25,30,27,30,24.8,30.4,28.2
2021-07-29,31,26.2,29.4,25.6,32,26,30.2,23.6,30.2,27.4
2021-07-30,33.6,26.6,29.8,25.6,31.8,26,31.8,24,33.4,26.2
2021-07-31,34,27.4,31,26.4,34.4,26.2,31.6,24,32,28
2021-08-01,32.8,27,32,25.8,32,25.2,28.6,25.2,32.4,28
2021-08-02,33,28,26.6,25.2,32,27.4,31.2,24.4,33.8,27.4
2021-08-03,33,27.4,27,25,34,27.6,30.8,24.8,33.6,26.6
2021-08-04,33,26.8,28.8,25.4,34.4,27.6,31.6,25.4,31.8,28
2021-08-05,33.4,27,30.2,25.6,35,28.4,28.6,23.2,33.2,27.6
2021-08-06,35.2,28.8,33.6,25.8,36,28.6,33.6,24.4,34.4,27.6
2021-08-07,33.4,28,31.6,26.4,33,28.2,32.2,25.6,33.2,26.4
2021-08-08,31,26,33.2,27,32.4,26.6,31,24.2,31.4,28.2
2021-08-09,30,25,32.2,26,33.4,26.4,30.2,22.4,31.2,28
2021-08-10,33,26,33.4,25.8,36,26.8,31.2,24.4,31.8,27.4
2021-08-11,34.6,27.8,33.8,28.2,35.8,28.2,32.6,24.6,31,27.4
2021-08-12,33.4,29.4,33.8,27.4,35.8,28.2,30,25,27.8,26.4
2021-08-13,34,28,35,27.2,36.2,29,30.2,24,30.4,26.2
2021-08-14,33,26.6,33.8,27.6,37,28.8,31.8,23.8,29,26
2021-08-15,35,29,34.4,27.2,36.8,29,33.4,24,33.4,27.4
2021-08-16,34.4,28,36.2,27.4,37,29.4,32.8,22.8,32.8,27.8
2021-08-17,35.2,29,37.4,27.6,37.8,30,33,24.4,31.6,28.8
2021-08-18,33.4,28.8,37.2,28.4,37.6,29.2,33.8,25,33.4,28
2021-08-19,32,27.8,36.8,25.4,35.8,29.6,30.4,23.6,30.4,27.6
2021-08-20,29,26.6,30.8,26,30,26,25.6,23.6,32.2,26.4
2021-08-21,30.6,27,28.4,26,30.4,25.4,29.4,23.6,30.6,25.4
2021-08-22,32.4,26.8,34.4,25.8,33.6,26.4,30.4,24.8,33.4,27.6
2021-08-23,33,28,33.4,28,34.4,28.4,33.6,24,29.8,26.6
2021-08-24,28.4,26,34.6,29,33.8,29,29.6,25.2,28.6,26.2
2021-08-25,33,26,34.8,29.4,35.8,29.2,27.4,24.6,32,27.4
2021-08-26,33,27.4,34.2,28,35,28.8,30,24.6,28.6,26.2
2021-08-27,32.2,27.6,35,26.4,35.6,27.4,29.4,24.6,28,25.8
2021-08-28,29,27.8,36,28,34.6,28.8,25,23,30.4,27.4
2021-08-29,27.6,25,33.2,24.6,34.2,28.2,28.4,23.2,27.8,26.6
2021-08-30,28.8,24.8,32,25,34,27,30.8,23.6,31,26
2021-08-31,29.6,25,31.4,25,29,24.8,30.4,22.6,32.4,27
2021-09-01,33.2,26.2,33.4,26.8,25.8,23.6,27.6,24.6,33.4,27.6
2021-09-02,33.6,26,34.8,27,32,24.4,31.6,23,33.4,27.8
2021-09-03,32.4,27.2,33,27,34.4,26,30,23.6,30.4,25
2021-09-04,31.2,26,33.6,27,31.6,26.4,28.8,24,33.8,27
2021-09-05,33.4,25.2,33.6,26.2,34,26.6,31.6,23,34.4,28.4
2021-09-06,34.4,27.4,34,27,NA,NA,32.4,25.4,33.6,29
2021-09-07,34.6,27.6,33.4,27,33.4,27.8,30.6,24.8,32.4,28.2
2021-09-08,31.6,27.2,31.2,27.2,32.6,27,31.6,23.4,32,26.6
2021-09-09,33.2,26.6,32.6,26.4,33.8,27.8,31.6,22.6,31.6,27.6
2021-09-10,33,25.8,NA,NA,33,25.4,31.4,23,33,27.2
2021-09-11,34.8,25,32,26,26.2,24.4,28.2,24,33,27.8
2021-09-12,33,25.2,33.6,26,33.2,24.2,30,23.8,33.6,27.6
2021-09-13,35.4,26.6,33.2,25.4,32.8,25.4,32.8,23.2,34,27
2021-09-14,34.4,25.4,32.8,25.4,35,25,30,23.4,31.4,27.6
2021-09-15,31,24,29.2,26,35,26,31.8,22.6,27.6,26.4
2021-09-16,27.4,23.4,26,23.8,28.8,24.8,31,23.4,29,25.8
2021-09-17,28.8,23.4,25.8,23.6,31.6,24.6,29.4,23.2,27.8,25.6
2021-09-18,31.8,25,28.4,24.8,34,25.6,30.4,24.6,30.8,26
2021-09-19,33.6,26.2,32,25.6,34.2,26.8,31.4,25.4,33.4,26.2
2021-09-20,33,26.2,33.6,25.6,35,27,32,23.4,31.6,26.2
2021-09-21,32.6,26.8,34.4,26.4,35.4,27.2,29.2,24,32,26
2021-09-22,32,24,31.4,25,31.6,26.6,28.6,21.8,32,26.8
2021-09-23,32.2,24.2,32.4,25.4,32.8,25.4,30,22.4,31.4,26.4
2021-09-24,31.6,25.8,29.6,26,32.6,24.6,31,22.4,32,24.6
2021-09-25,31.4,24.4,32,26.4,32.6,25.4,32.4,23.6,31.2,26.6
2021-09-26,30.6,25,32.8,26.4,33.2,26.2,31,23.4,33.2,26.2
2021-09-27,33.4,26.2,32.4,25.6,33.8,26.4,32.8,23,34,26
2021-09-28,34,26,32.6,25.2,34.6,27,32.6,23.8,32.6,26
2021-09-29,32.6,25,34.4,26,34.8,27.6,31.6,23.4,32.4,25.4
2021-09-30,32.4,26,32.6,26.2,34.6,27.4,30,23.4,31,26.2
2021-10-01,33.6,25.4,34,25.4,33.2,27,30.2,24,26.6,24
2021-10-02,32.2,26,34.6,25.8,35,27,29.2,23,25.4,24.4
2021-10-03,32.6,24.4,35.2,26,36,27.4,30.4,22.2,NA,NA
2021-10-04,32,26,34.8,27.4,36.2,26.6,30.4,23,NA,NA
2021-10-05,31.6,25,34.2,26,35,27.4,30.8,22.4,NA,NA
2021-10-06,32.2,25.4,34.4,26.6,34.6,26.6,30.2,21.2,31,27.6
2021-10-07,32,24.6,35,25,33.8,24.6,31,21,32.8,26.6
2021-10-08,31.6,24.6,36,23,35,24.4,31,21.6,31.6,26.8
2021-10-09,32.2,25.4,37,22,35.8,23.6,30.4,21.4,32.8,26
2021-10-10,32.2,23,36.6,22,36.2,23.6,31,21.4,33.4,26
2021-10-11,32.8,23.6,36.6,21.8,36.6,23.4,31,20,NA,NA
2021-10-12,33,23.4,36,22.4,36,23.6,32.2,19.4,33.2,25.6
2021-10-13,33,23.2,35.6,21,33.6,21.8,31,18.6,33.2,25.8
2021-10-14,32,21,33.2,19,33.8,20.6,32.6,17.8,34.2,26.2
2021-10-15,33,21.4,33.8,18.2,34,19.6,33.4,19.8,35.2,25.6
2021-10-16,33.4,22.6,35.8,20.2,33.8,20.8,32.2,19,NA,NA
2021-10-17,33.4,22.2,35.2,23.8,29,22.4,22.2,20.4,32.4,25
2021-10-18,25.2,21.8,26,23,23.4,21.2,20.6,18.8,29.6,25.8
2021-10-19,27.4,21,30,21.8,30.8,20.8,28.6,17,30.2,25.2
2021-10-20,29,21.6,32,21.8,31.4,20.6,29.4,18.4,30.2,24.8
2021-10-21,29,21,32.4,18.4,32,17.2,28.2,19.4,30.6,24
2021-10-22,29.4,18.4,33,19.4,32.4,18.4,29.2,19,30.2,23
2021-10-23,29.6,19.6,31.8,19.2,32.4,19.4,28.8,17,29.8,22.8
2021-10-24,29,20.2,32.4,20.6,31.2,18.6,25,17,30,23.8
2021-10-25,28,20.2,31.2,20,28.2,17,26,14.4,30.4,24.4
2021-10-26,27,17.8,30,18.4,27.4,17.2,27.2,15.6,30.4,22
2021-10-27,27.2,17,30,16,27.6,15.6,27,15.4,29.4,19.8
2021-10-28,27.4,16.4,29.4,15.4,28.2,15.8,28.4,14.2,29,17.6
2021-10-29,27.6,17.6,29.8,15.2,29.2,15.6,28.2,14.2,29.4,18.2
2021-10-30,27.4,16.8,29.4,14.6,29.8,16,27.2,13.8,29,20
2021-10-31,26.6,15,30.8,14,29.4,17,26.4,14.6,30.2,18
2021-11-01,26.6,15.2,32,14.4,30.6,15,26.6,13.6,29.2,17.4
2021-11-02,27.2,16,32,14,29.6,15.6,27,13.6,28,17.4
2021-11-03,26.6,16.2,30.4,14.8,29.6,17,26.2,13.8,28.2,17
2021-11-04,27,16.4,31.4,15.6,27.4,16.4,26,12.4,28.8,17.6
2021-11-05,26,15.6,29,14,26,16.4,26,11.8,28.2,17.8
2021-11-06,25.6,14.4,29.2,13.2,27.6,16,25.6,12.8,27.8,17.4
2021-11-07,25.4,13.8,31.4,13.8,29,15.6,26,12.4,28,16
2021-11-08,25.8,14.4,30.4,14,28.4,14.6,25.6,13,29,17.2
2021-11-09,26.4,15.2,28.4,13.6,28.4,14.6,26,13.8,29,16.4
2021-11-10,26.4,15.6,29.4,12.6,29,14.8,25.8,13.2,29,17
2021-11-11,26.4,15.8,29.4,12.4,25.2,14,26.6,13.2,28,16
2021-11-12,26.2,15,29.4,12.4,27,13.8,26.2,13,28,15.8
2021-11-13,25.6,14,28,12.8,27.2,12.6,25,13.4,27.4,15.6
2021-11-14,25.4,14,27.8,10.6,27.2,11.6,25,12.2,27.4,15.6
2021-11-15,24.4,13,27,10.4,26.2,11.8,24,13,27.4,15
2021-11-16,24.4,13,27,10.2,26.8,11,25.2,11.4,27.4,15.6
2021-11-17,24,13,24.8,10.2,26.6,10.8,23.6,11,26.8,15
2021-11-18,23.6,14.4,22,13.4,25.8,11.8,24.4,11,26.4,15.4
2021-11-19,23.2,16.8,25.2,17.2,25.6,12.4,25.6,12,27.2,18.6
2021-11-20,25,16.8,21.2,16.8,26.2,15.2,26.2,12.2,25.2,18.4
2021-11-21,26.2,14.4,28.8,15,27.2,12.6,26.8,12.6,27.4,18.2
2021-11-22,24.6,14,28,12.6,27.4,12.4,25.4,12.4,27.2,16.4
2021-11-23,23.4,12.4,29.6,10,25.8,12.4,23.8,11.2,26.4,14.2
2021-11-24,23.2,11.2,28.8,9.6,28,10.2,23.6,11.6,25.6,12.8
2021-11-25,23.4,11.4,29,10,26.8,11.2,24,11,26,15
2021-11-26,23.2,11.4,29.4,10.8,27.2,12,23.4,10.6,24,14.6
2021-11-27,23.4,12,28.6,12.8,26.6,11.4,23.2,10.6,25,14.8
2021-11-28,24.2,13,28.8,12.6,26.4,11.2,24,10.4,25.6,14.8
2021-11-30,22,11.4,24.6,11,25.4,11.2,24.6,10.4,25,13.6
2021-12-01,22,12.8,22.8,12.6,22.6,12.6,20,12,26.2,14.6
2021-12-02,20.6,16.6,20.4,15.8,19.6,13.6,18.6,13,26.8,15
2021-12-03,23.6,16.2,21.2,13.2,21.6,14.2,19.6,14.4,25.2,18.6
2021-12-04,25.2,14.2,25.8,11.2,25.4,12.6,25.4,12.4,27.6,17
2021-12-05,23.8,14.6,25.4,13.2,24.8,12.8,23.2,12.4,28,17
2021-12-06,24,15.4,26.4,15,24.8,14.4,21,11.8,28,16.6
2021-12-07,23.4,13.4,24.4,12.4,24.6,12.4,24.4,9.6,27,18.4
2021-12-08,22.4,11.6,25,9.8,23.6,11.4,25,9.2,26,14.2
2021-12-09,22.2,12.2,24.4,9.4,23.4,9.6,22.6,10,25.4,12.8
2021-12-10,22.4,10.2,23,8.8,23.4,11,21.6,9.6,25,15
2021-12-11,21.4,11.4,24,9.2,23.2,10,22.4,8.2,23.4,12.6
2021-12-12,21,10,22.6,7.2,23.2,7.8,22.8,9.2,23,11.6
2021-12-13,20.2,9,23.6,8,21.8,7.8,21.6,8.6,NA,NA
2021-12-14,20.2,8.8,22.4,10.4,22,9.2,18.8,7.8,22.6,10.2
2021-12-15,21,10,23,12.6,22,9,21.8,7,24,11.2
2021-12-16,20.4,9,21.2,12.2,19.8,9.8,20.6,5.6,24,12
2021-12-17,20.2,8.8,19.4,8.4,20.2,9.6,17.6,6.2,23.8,12.6
2021-12-18,14.4,7.6,20,6.2,17.4,7.4,17,5,21,13.2
2021-12-19,16.2,6,20.8,4.2,18.6,6.8,20.6,5.6,18.4,10.2
2021-12-20,17.4,6.8,22,4,20,4.4,19.8,4.8,21,9.2
2021-12-21,19.4,6,23.4,4,22.2,5.4,22,7,21.8,10.2
2021-12-22,19.8,6.2,25.2,6,23.4,6.6,22.8,6.4,22.2,9.8
2021-12-23,20.4,7,25.2,8,22.4,7.2,17.8,7,23,9.8
2021-12-24,21.4,9.4,24.6,9.4,22.6,7.8,21,7.2,23.2,10.4
2021-12-25,21,9,24.4,9.8,23.2,8.2,18.4,6.4,22.8,12
2021-12-26,19.2,9.2,24.4,9.5,21.2,10.8,17,7,21.4,12.2
2021-12-27,21.4,11.4,23.4,13.2,22.4,11.4,21.8,7.4,22.4,12.6
2021-12-28,16,10,16.8,13.6,14.6,10,19,7.6,20.8,12.6
2021-12-29,19.4,11.6,21,11,20.8,9.8,19.2,7.6,16.2,14.2
2021-12-30,15,10.8,19.4,8.8,18.4,5.2,18.8,6.2,18.6,14
2021-12-31,17.2,9.8,19.4,9.4,18.2,4.6,21,6.8,20.6,12.6
2022-01-01,19.2,6.8,20.6,8.4,20,5.6,21,6.4,17,11.2
2022-01-02,19.6,7.4,20.6,7,20.2,6.8,21,7.4,16.2,10.8
2022-01-03,20.4,7.8,22.4,7.4,20.8,6.8,23,7,16.6,11
2022-01-04,21.2,8.4,24.4,8,22.8,9.2,16.6,10.4,14.4,10.6
2022-01-05,16.2,12.4,21,10.6,15,12.2,14.8,11,17.4,12.4
2022-01-06,21,13.4,14.8,13,20.4,12.4,20,11.4,19.4,13.4
2022-01-07,20.6,14.6,18.6,14.6,19.2,13.8,21.6,10.2,18.4,15
2022-01-08,15.8,14.4,22.2,15.6,16.4,15.2,13,9.8,19,14.6
2022-01-09,17,13,19,16,14.8,12.8,17.4,10.4,20,14.4
2022-01-10,18.4,14.6,17.8,11.8,17.4,9.8,18.8,11.4,22.8,14.4
2022-01-11,19.2,12,18.6,10.2,17.6,8.4,19.4,10,23.4,14.6
2022-01-12,15,10.4,16.8,9.2,17.4,8.6,20.2,10.8,21.2,14.8
2022-01-13,14,9,18,8.6,16.4,7,18.6,10,20.8,11.6
2022-01-14,14.2,7.4,18.2,7,15.2,6.8,20,8.6,19,10.4
2022-01-15,15.6,8,12.6,7,14.2,7.8,18.2,8,18.2,10
2022-01-16,10.8,10,14.2,5.4,15.2,8.8,17,9.2,15.8,9.6
2022-01-17,12,8.4,13.6,6.2,15,9.4,17,9.8,11.8,7.4
2022-01-18,13,8,13.6,5.4,15.2,9,21.6,8.6,12.5,7
2022-01-19,12.6,9.4,14.6,8.2,17.8,8.4,17.4,9.4,12.6,8
2022-01-20,15,9.4,15.4,9.4,18.2,10.2,16.6,10.8,16,7.6
2022-01-21,18,8,15.8,10,19.4,9.8,21.2,10,18.2,8.6
2022-01-22,15.4,10.2,19.2,10.6,14.4,12,14,10.2,16.4,10
2022-01-23,14.6,12.6,19.6,12,14.8,10.2,11,10.2,21.2,13.4
2022-01-24,16,11.4,18.4,8,14.4,8.6,12.6,10,20.4,15
2022-01-25,12.4,9.2,19.4,9.8,14.4,7.6,16,9.4,18.8,15
2022-01-26,14.6,9.2,18.2,8.8,16.2,6.6,16,10,19,12.2
2022-01-27,12.4,8.4,19.8,7.2,18.2,7,18,7.4,14,9.4
2022-01-28,17.4,7,22,6.4,19.6,8,17.8,7,14,9.2
2022-01-29,14.2,8,24,6.4,21.8,6.6,17.4,7.4,17,7.6
2022-01-30,19.4,7.4,26.8,8.4,21.6,8.4,22.6,6.6,14.8,9.2
2022-01-31,15,10,27,8.6,20.6,7.4,18.2,7.8,16.2,9.6
2022-02-01,15,8.6,27.4,10,20.6,8,20,7.4,16.6,9.4
2022-02-02,16,9.4,25.6,11,NA,NA,16,8.2,14,8.8
2022-02-03,14.6,11,25.6,13.4,14.4,11.8,12.4,10.2,20.6,11
2022-02-04,14.6,10.4,21.2,10.6,18,11,11.6,8.8,17.6,11.2
2022-02-05,14,8.2,21.6,9.6,20,9,19,6.8,16.6,10.8
2022-02-06,16,8,24,8.6,23,6,21,7.6,19,10.2
2022-02-07,18.4,9,26.8,9.6,26,9.6,20.4,9.4,17,10
2022-02-08,19.8,9.8,27.4,12,26,12,22.4,8.6,19.4,10
2022-02-09,14,11.4,21,12.6,22,13,15.6,10.4,21,12
2022-02-10,19.6,9.8,22.4,12,23,10,19,8,22.4,12.2
2022-02-11,20.2,10.2,24.2,9.2,22,9,20,7.4,21.8,12.8
2022-02-12,21,10,25.4,8.4,23.2,10,23,7.4,21.4,11
2022-02-13,21.4,8.6,26,9,28,8,20.4,8.4,22.6,9.8
2022-02-14,22,9.6,26.6,9,27,9,21.2,8.2,23.2,10.2
2022-02-15,22.2,10.4,26.2,10,26,10,21,8.8,23.4,11
2022-02-16,23.2,11,28,10.6,25.6,10,22,8.8,24,12
2022-02-17,23.4,13.2,28.4,12,27,11.6,23,9.2,25.2,13.2
2022-02-18,24.4,11,29.6,11.4,28,10,24.2,8.6,25.4,11.2
2022-02-19,24.4,11.6,28.2,12.8,25,12,23.6,9.2,26,11.6
2022-02-20,24,12.4,28.2,12.2,24,12,22.4,8.6,24.4,15
2022-02-21,23.2,11.6,28.2,11.8,26,10,23,8.6,23.8,11.6
2022-02-22,24.2,11.8,30.2,11.2,26.2,10,23.8,10.2,23,12.4
2022-02-23,24.4,15,31,16.8,24,16,23.2,14.6,25,14.4
2022-02-24,24.4,13.8,28.6,16,26,13,21.6,12.8,26,15.6
2022-02-25,25.6,14,29.4,15,27.2,13,23.8,10,26,18
2022-02-26,21.4,14.8,28,16.4,24,14.6,16.6,12,25.6,15.6
2022-02-27,25,14.4,26.2,14.8,25,13.8,22.4,10.8,26.4,17.4
2022-02-28,23.8,12.6,26.2,13.6,25,12,24,9.6,26.8,17
2022-03-01,24.2,12,27,11,25.2,10.6,25.2,11.2,26,13
2022-03-02,26.2,13,28.6,12.2,27,12,26.4,12,27.4,14.2
2022-03-03,27.4,13.4,30,14,29,14.6,25,12.6,28,14.2
2022-03-04,28,13.6,30.2,15,25.4,16,26.2,12.8,29.6,16
2022-03-05,26,14.8,29.4,16.2,25.8,15,26.2,12,28,18.4
2022-03-06,26.6,15.2,29.2,13,27.2,14.2,24.4,13.6,29,16.2
2022-03-07,26.4,14.4,29,14.8,28.6,15.8,25.2,13.8,29.4,15
2022-03-08,28.2,13.4,32,14.2,30.2,16.6,29,13.2,30.4,17.2
2022-03-09,29.4,15.4,32.6,18,30.6,15.4,29.8,13.6,30.8,18.2
2022-03-10,27.2,15.8,31.2,19,29.2,18.4,29.2,13.4,31,16.6
2022-03-11,27,16,32,15.6,23.6,16.2,26.8,14.2,29,18
2022-03-12,29,15.8,31.4,15.6,31,16.8,29.4,14.4,30.4,18.4
2022-03-13,29.4,19,34.4,14.8,31.6,17.2,29.6,15.6,31.6,18.4
2022-03-14,31.2,18,35.4,17.8,32.6,17.8,30.6,17.2,31.8,18.2
2022-03-15,32,18.4,36.8,19,33.4,19.8,31,18.6,33.4,18.8
2022-03-16,31,21,36.8,20,34.4,23,32.2,18.8,33.2,20.4
2022-03-17,33.4,21.4,36.2,19.6,34.8,21,30.8,20.2,33,22.4
2022-03-18,34,21.4,36,22.4,34.8,22.4,32,21,34.2,21.4
2022-03-19,34.2,21,37.4,21.2,36.4,20.2,32.2,20.6,35.8,23.2
2022-03-20,35,20.6,39.2,22.2,37.4,23.4,32.6,19,35.6,22.8
2022-03-21,34.8,21.6,38.2,21,36.2,21.4,34,19.4,36.2,22.4
2022-03-22,33.6,22.4,37,21.6,34.2,22.8,33.2,18,36,21.8
2022-03-23,33.4,19,37,21.6,35,19.6,32,18,35,18.2
2022-03-24,34.4,19.4,36,22,35,22.4,33.4,18.2,35.4,19.4
2022-03-25,33.8,19.4,37.8,23,34.6,20,32.2,16.8,35.8,20.2
2022-03-26,33.4,19.6,36.4,19.4,34,20.2,32.2,16.2,35,24.4
2022-03-27,34.6,19.6,39,19,35.8,21,33.2,17.2,35.4,22.4
2022-03-28,36,18.4,39.8,19,38.4,22.6,33.8,17,35,20
2022-03-29,36.8,19,41,19.2,38.8,19.2,35,17.6,34.2,21.6
2022-03-30,36,20.2,40.8,21.2,38.8,20.4,34.4,17.6,33.4,23.4
2022-03-31,36.6,20.6,41.2,20.8,38.6,20.8,35.2,19,34.4,23.4
2022-04-01,36.8,20.8,39,23.2,36,23,35.2,18.2,35.2,24.8
2022-04-02,37.6,21.4,39.8,18.4,38.2,18.8,34.4,18.6,35.6,25
2022-04-03,38,18.6,41.2,19.2,38.8,20.2,35.2,17.4,33.8,23
2022-04-04,38.4,18.6,40.6,20.4,37.6,20,35.8,17.6,37.6,19.4
2022-04-05,37.8,19,40.4,22.2,38.2,19.6,35,18,37.6,19.2
2022-04-06,38,19.4,41,20,38.8,20,36.2,18.6,38.2,19.4
2022-04-07,38.2,20.4,41.2,20.2,39.6,20,35.2,18.6,36.4,21
2022-04-08,39.2,20,42.2,19.8,41.2,20.7,36.6,19.5,35.6,24.4
2022-04-09,39.4,20.6,43.2,21,41.6,21,36.2,19.6,36,25.4
2022-04-10,38.4,22.8,42.8,22.6,41.6,24.8,35.8,19.2,35,25
2022-04-11,39.2,21.4,42.8,22.2,41.8,23.5,35.4,19.6,35.2,23.8
2022-04-12,38.2,24,41.2,25,38.4,23.6,36,20,35,25.4
2022-04-13,39.6,27.2,41,26.2,40,22.4,36.2,22.5,36.6,25.4
2022-04-14,38.2,23,40.6,24.6,38.6,27,35.8,21.6,40,26.2
2022-04-15,38.2,22.6,40.8,24.4,38.2,25,35,18,39.6,24
2022-04-16,39,22.6,41.2,24.2,39.4,23.2,35,18.2,40,25.8
2022-04-17,39.4,21.2,42.6,22,40,23.6,35.2,19,40.4,21
2022-04-18,40.2,22.4,42.8,25.6,41.6,23.4,37.6,19.4,40,24
2022-04-19,39.6,22.2,42.4,26.2,42,24.2,38.2,20.8,37,26.4
2022-04-20,40.4,24.2,41.6,28.2,41,26.4,38.4,21.6,36.2,23.6
2022-04-21,36.2,25.8,38,25.8,34.8,25,32.8,22,35.2,24.2
2022-04-22,37.8,25,39.6,26.4,38.2,24.2,34.8,21,38.4,26.4
2022-04-23,39,24.8,41,24,38.6,21.6,36,19.2,39.6,23.4
2022-04-24,39,24.6,41.4,24.2,38.8,23,36.4,19,38.6,24.8
2022-04-25,40.4,23,41.8,23.6,40.2,23.6,37,19.2,40.2,23
2022-04-26,40,24,42,25,39.6,26.8,37.4,20.4,40.4,24
2022-04-27,40.4,22.4,43.6,24.4,41,23.2,37.6,20.8,39.6,24.4
2022-04-28,40,22.8,44.4,24.4,42.8,22.5,38.4,20,38.6,26
2022-04-29,40.8,26,44.8,26,43.4,26.4,38.2,22.6,37.6,27
2022-04-30,40.4,24.6,44,29.4,43,26.6,38.4,22,35,25
2022-05-01,37.2,29,42.2,27,39,26.8,35.6,25.4,34.6,23.4
2022-05-02,37.6,27.4,42.6,27,39.6,28.4,34.4,24,35.6,25.6
2022-05-03,37,26,41.2,29,37.6,29.4,34.4,24.2,34.2,24
2022-05-04,37.4,21,42.4,29,37.2,24,33,20.8,34.6,25.4
2022-05-05,34.2,21.2,39.4,25.4,36,23.4,34.8,19.2,34.2,24.2
2022-05-06,36.4,24,40,25.8,38,25.2,33.8,21,36,25
2022-05-07,37,25.4,41.4,27.8,39,27.4,35.2,22,36.4,24.8
2022-05-08,37,24.4,42.6,26.4,39.8,27,34.8,26.4,34.4,24.6
2022-05-09,37.4,25.6,41.6,28.6,39.4,28.4,35,23.4,35,25.2
2022-05-10,37.2,26.8,40.8,28.8,39.2,29.8,33.6,23.2,36.6,27.6
2022-05-11,37.4,26.4,41.8,28.6,40.4,29.4,33.8,22.8,35.6,27.2
2022-05-12,38.8,28.2,43.4,30,41.2,30,34.4,24,37.6,27.4
2022-05-13,39,26,45.2,24.6,41.6,25.2,35.6,22.4,38.4,28
2022-05-14,40.6,28.4,45.6,28,43.6,28.6,37.6,25.2,37.4,26.4
2022-05-15,41,28.6,45.4,30.4,45.4,26.8,38.4,24,38.2,26
2022-05-16,39.2,28.4,43.8,31.4,41.6,31,38.2,25.6,39,27.8
2022-05-17,36.6,27.2,43.2,30,40.4,28.2,35.6,22.8,39.2,26.6
2022-05-18,40,26,43.6,29,39.6,31,30.8,21.4,39.4,28
2022-05-19,40.8,24.6,44.6,30.8,42.6,28.2,37,21.6,40.2,28
2022-05-20,41,28.2,46,28.6,44.2,29,38.8,23,36.8,26.4
2022-05-21,40,29.6,42.4,30.6,42.2,26.6,35.2,23,36.4,26
2022-05-22,37.4,26.8,39.4,29.2,39,24.2,34.8,22,33,21.8
2022-05-23,26.4,19,33.8,25,31,18,28.6,17.6,35,25.2
2022-05-24,33.2,21.2,35.8,22.8,32,19.8,28.4,19.8,35,23.4
2022-05-25,35,23.6,39,26.4,34,24.2,32.4,18.4,35.6,24.4
2022-05-26,35,26.2,40,26,36,25,31.6,21,36.2,25
2022-05-27,37,25.8,41.6,26.6,39,26.6,33.4,22,38,25.4
2022-05-28,38.8,28,42,29.6,40,27.8,34.6,24,36.4,27.4
2022-05-29,37,27.4,42.6,31,41,29.4,34.4,24,32,25.6
2022-05-30,38,28,44.6,30.4,40,23.8,35.4,25.4,37,26.2
2022-05-31,39.4,30,43,31,39,23.2,37.6,24.8,37.8,27.4
2022-06-01,40.6,27.4,43.2,27,42,26,38.2,23.8,NA,NA
2022-06-02,39.6,28,45,28.8,41.4,28,39.8,21.6,37.2,28
2022-06-03,42.6,26.2,44,29.8,43,26.2,39.8,21.8,39.6,28.6
2022-06-04,43.4,24.6,45.4,27.8,44,29.2,40.4,22.2,39.8,27.2
2022-06-05,42.8,26,44.8,29,44,29.4,40.8,23.2,38,28.4
2022-06-06,42,27.4,44.8,27.6,43,28,40.4,25.2,37.8,27.6
2022-06-07,41,28.4,43.8,34,43,29.4,40,26.6,38,28
2022-06-08,41.2,30.2,44.4,31.4,44,31.6,40,27.4,38.4,28.8
2022-06-09,42,28,43.6,30.4,44,29.4,39.6,25.4,39.4,28.2
2022-06-10,41,30.2,43.8,33.6,43,31.6,40,26.2,37,27.4
2022-06-11,41.2,30.8,44,33.8,44,31.4,39.6,25.2,38.8,27.6
2022-06-12,41.6,29.4,43.2,33.2,43,33,38.8,24.8,40,28.4
2022-06-13,41.2,30.6,41.4,34.4,43,33,40.6,26,40.4,27
2022-06-14,39.4,32.2,42,33,39.4,32.2,39.6,26,39,29.2
2022-06-15,40.6,30.6,40.2,34.4,42,30.6,39,25.2,39.4,28.4
2022-06-16,40,31,35.6,27,40,27,35,24.6,36.4,28
2022-06-17,36.4,29,37.6,26.8,36,25,30.4,23.2,37.4,27.8
2022-06-18,32.6,29,34.4,27.6,32,25.8,24.4,22,38.4,28.6
2022-06-19,32.4,27.4,36,24.8,30,24.8,30.8,20,38,29.4
2022-06-20,34.2,26.4,34,25,32.4,25,33,21,34,28.6
2022-06-21,35.4,27.6,35.2,26,34,26,30,20.2,35.4,26.8
2022-06-22,39,26,39,26.8,36,26,33,21.2,36.4,27.4
2022-06-23,39.4,27.6,39.4,29.8,37,26.6,35.4,22.8,36.4,29
2022-06-24,39.6,26.2,39.8,26.4,38.6,27.8,36.6,23,34.2,26
2022-06-25,38,27.6,41.6,27.2,39.6,25.8,35.6,23.8,35.6,28.8
2022-06-26,37.4,30,40.2,30,40,29.4,33.4,27.4,34.4,28.6
2022-06-27,37.8,30,38.2,29.6,40.2,31,32.8,27,34.4,28.6
2022-06-28,35,29,40,30,40.4,31.4,33.8,25.8,32,27.8
2022-06-29,32.6,28.2,37.8,25.8,40.4,30,30,24,27.4,24.8
2022-06-30,28.2,24.4,31,26.6,31,24.8,26,23.6,29,25.2
2022-07-01,31.6,25.4,34.8,27.4,31,25,30,24,34,27
2022-07-02,33.8,26,35.6,27.4,34,26.8,34,25,32,27.4
2022-07-03,34.6,26,37,26.8,35.2,27.6,32.6,24,34.6,27
2022-07-04,35.8,28.8,36,27.4,35.4,28.6,32.6,25.2,35.8,28.6
2022-07-05,36.4,29.6,38,27.6,37.4,30,33.6,25.8,36.4,29.4
2022-07-06,36.6,29.8,37,29.6,38,30.2,33.6,23.6,35.4,30.4
2022-07-07,36.6,30,36.8,28.6,37.6,31.2,34,25.8,35.2,29
2022-07-08,38.4,30.2,38.6,29.2,38,30.6,33.2,25.4,36.6,29.4
2022-07-09,31.4,26,37.4,28.2,34.8,28.6,26,24.2,32.8,28.6
2022-07-10,35.6,28,34.2,28.2,33.8,28,31.2,22.8,36,28
2022-07-11,38,29.4,37.6,27,35.2,28.4,33.2,24.8,36,29
2022-07-12,36,28.4,36,24.6,32.6,28,31,26.8,35.6,29
2022-07-13,37,29.6,37,27.2,35.6,28,32,25.4,36.6,29.2
2022-07-14,38,30.4,35.4,28.4,37.6,29.4,34,25,37,29.4
2022-07-15,38.6,29.4,37.4,27,37,28.4,35.2,24,36.2,28.2
2022-07-16,38.4,26.4,33.6,26,35.5,25.4,35.2,25.2,36.2,30
2022-07-17,36.4,28.2,35.6,28,34,25.8,34.4,25.6,36.4,29.8
2022-07-18,37.4,30,37.2,28.2,37.2,28.8,32.8,25.6,36,29.4
2022-07-19,33,29,36.4,29,35.7,28.8,30.6,26.5,36.2,29
2022-07-20,31.6,26.4,35.4,26,33.7,25.4,27.4,23.7,32.6,28
2022-07-21,31.6,25.8,32.4,26.6,32.6,25.8,30,24.6,27.4,25.8
2022-07-22,32.6,27.4,28.8,27,33.8,27.6,31.4,24.4,32.6,26.4
2022-07-23,34.6,26.6,31.4,26.2,33.2,27,32.6,24.8,33.8,28.2
2022-07-24,34.4,26.6,32.6,26.8,34.8,27.8,33.4,24.8,32.6,26
2022-07-25,34,25.4,32,25.8,34.4,28.2,30.6,24.6,32.4,28
2022-07-26,32,26.4,33.2,26.4,33.2,27.6,30.2,23.8,32.2,25
2022-07-27,30.8,26.8,32.6,26.2,33.8,28,31,25.4,31.6,27.2
2022-07-28,31,26.8,29.8,27,30.8,26.6,31.8,25,32,27.6
2022-07-29,31.6,27,30.4,26.8,31.8,26,30,24,32.4,27.6
2022-07-30,28.4,26,33.2,26.2,31.6,25.7,26,24,33,27
2022-07-31,31.2,25.6,34.2,27.2,31.5,26,26.6,23.8,31.2,26
2022-08-01,31.4,27,34.2,28.2,33,27,31.4,23.4,33.4,25.8
2022-08-02,32,27.4,33.8,26,34.8,27.2,30.2,24.8,29.4,25.4
2022-08-03,32,26.4,31.2,26.6,33.2,29.4,30.6,24.2,33.6,27.2
2022-08-04,30.8,26.4,32.2,27,34,28,28,25,31.6,27.6
2022-08-05,31.6,25.6,33,25.6,30,27,28,25,34.6,28
2022-08-06,31.8,26.4,34.8,25.6,33,27.6,31.2,23.8,34.2,27
2022-08-07,31.2,25.4,27.8,25.2,29.2,26.4,30,24.2,34.4,28
2022-08-08,35.4,27.6,33,25.2,34.4,26.4,35,25.6,35.2,28
2022-08-09,37,29.6,34,26.6,36,28.8,35.8,27.4,34,28
2022-08-10,35.2,29.4,33.2,27.4,35.8,29.4,32.8,26,33,28
2022-08-11,34,28.4,30,27.4,31,28,30,23,33.4,28
2022-08-12,35.4,28,28.8,25.6,36.4,27,32,23.8,33.6,27.4
2022-08-13,35.6,27.6,31.4,26,34.6,28.8,34,25,34.6,27.4
2022-08-14,30.4,26.6,29.6,26,32.4,27.2,32,24.6,32.4,26.4
2022-08-15,34.6,26.6,30.2,25.2,33.6,27,30,24.6,32,27.4
2022-08-16,32.4,28.4,28.8,24.8,32.8,27.6,32.8,23.8,33.6,27
2022-08-17,35,27.4,32.6,24.8,33.8,26,32.4,25.6,35,27.4
2022-08-18,34,27,32,25.8,34.6,27.2,32.4,26,35.6,29
2022-08-19,34.6,27.4,33.8,26.2,34.8,28.6,30,26,33.8,25.8
2022-08-20,34,26.6,28.2,23.8,31.6,29,28.6,22.6,32.8,26
2022-08-21,34.4,26.6,32.8,26.4,34.6,27.8,33,24,33,27.6
2022-08-22,35,27.8,31.6,26.6,35.6,28.8,31.6,25,33.4,27.6
2022-08-23,34.6,28,30.4,25.2,33.8,29.2,33.4,26.6,34.2,27
2022-08-24,33,26.6,33,26,32.4,27.2,31.6,24.6,33.4,26.6
2022-08-25,34.4,26.4,31,24.6,32.8,26.4,34,24.4,34.4,28
2022-08-26,34,27.8,32.6,25.6,34.2,27.4,33,25.8,35,28
2022-08-27,35.4,28,33.2,27.6,34.6,28.6,33.8,26.6,35.4,26.8
2022-08-28,34.6,28.6,33.4,27.4,34.2,27,29,24.4,29,24.6
2022-08-29,33.2,26.8,31,26.6,35,26.6,29.6,23.4,33,26.4
2022-08-30,34.6,26.6,34.4,26.2,34,26,32,24.6,32.6,27.6
2022-08-31,35.4,27.4,34.2,27.2,37,27.6,32.2,25.6,32.4,26.6
2022-09-01,32.8,27.8,35.2,26.4,36.6,28.2,32.2,25.2,29.6,25.4
2022-09-02,32.4,26.4,32.4,26,34,28,29.8,25,31.4,26.4
2022-09-03,35,26.2,35,26.6,35.8,28.4,30.2,24.2,32.8,25.8
2022-09-04,34.8,28,35.8,27.8,36.2,28.6,30.8,21,34,25.6
2022-09-05,34.4,26.4,35.2,27.4,36.6,28,31.8,22.2,33.2,26.6
2022-09-06,34.8,27,35.4,27.2,35.4,27.8,31.8,23,33.2,27.2
2022-09-07,35.4,27.6,36.6,26.4,36.4,27.4,33,23.4,32.6,26.8
2022-09-08,34.4,27,36,27.2,36.2,28,32.4,23.2,32.6,27
2022-09-09,34.6,28,33.8,26.2,36.4,27.6,32,25,31.8,26.4
2022-09-10,32.4,27.6,33.6,26,35.8,29,31.6,23.6,33.6,26.8
2022-09-11,36.4,26.4,33,26.8,35.6,28.2,32.4,24.8,32.6,26.8
2022-09-12,35.4,27,32.4,26.2,36.8,28.6,32.2,24.6,32,26.4
2022-09-13,34.2,26,30,25.2,34.2,25.6,30.4,24,30.2,26.2
2022-09-14,29.4,27.4,26.2,25.2,31.6,26.2,28,24.2,27.8,25.6
2022-09-15,26.8,25,28.4,25.2,30,25.2,26.8,23.2,25.8,24
2022-09-16,28,23,31.4,25.4,25.4,24,26.4,22.2,28,25
2022-09-17,27.6,22.6,33.2,24,33.2,24,27.8,22.6,28.6,25.6
2022-09-18,30.6,25.2,33.2,25,33.8,25,30.6,20.7,31,25.4
2022-09-19,33,24.2,32.6,25.8,32.8,26.2,31.6,23.4,33.6,25.2
2022-09-20,34,26.4,28.6,24.8,33.6,25.8,32.4,23.6,31.2,26
2022-09-21,29.8,26,26.4,24.6,32.2,25.2,32.8,23.5,32,26.6
2022-09-22,30.4,27,27,24.8,27.7,24.4,27.4,23,33.4,27.6
2022-09-23,31.6,25,29.8,25.2,26.8,24.2,26.2,23.2,33.4,27.6
2022-09-24,29.8,24.8,26.7,25.2,25.8,24.2,25.6,23,31,24.6
2022-09-25,30.4,24.4,31.8,24.4,30.2,24.6,28,22.2,32.4,26.2
2022-09-26,30.2,24.2,32.2,25.2,32.4,24.6,30,20.6,33,26.2
2022-09-27,31.6,24.6,33.4,25,33.2,24.2,31,20.7,31,27
2022-09-28,32,24,34.2,24.7,33.6,26.5,31,21,35,26.8
2022-09-29,31.6,24.4,35.2,24,33.4,24.7,31.6,22,33.6,26.4
2022-09-30,32.6,24,34.6,24.6,33.8,24.7,32,21.6,33.2,26.4
2022-10-01,32,25,34.8,24.2,33.2,25,31,21.7,32.2,26.6
2022-10-02,32.2,25,35.6,23.8,35,24.6,31.4,21.7,34,27
2022-10-03,33,24.8,35,23,34.2,24.2,33,22,34,26.4
2022-10-04,33.4,25.8,33.8,24.6,34,23.8,30.2,22.2,29.4,25.6
2022-10-05,30.6,24,30.8,25,33.4,25,30.6,20.2,26.4,24.8
2022-10-06,24.4,22.4,26.8,24.4,30,24.8,30,20,26.4,23.6
2022-10-07,24,21,26.4,23.4,26.4,23.2,26.2,21.6,28,23.8
2022-10-08,21.4,21,27.6,24,24,22,24.8,21.8,32.6,24
2022-10-09,21.6,20.4,30.8,24,24,21,27.2,21,32.6,25.8
2022-10-10,22,20.4,28.8,24.2,23.4,20.2,29.4,20.6,25.8,23.6
2022-10-11,26.4,19.8,30.4,23.8,28.6,21.4,25.2,20.4,25,23.6
2022-10-12,30,22,31,22.2,29,22.6,27.4,18.6,31,23
2022-10-13,29.4,21.4,30.8,20.2,30.2,20,29.6,18.2,31.6,23.8
2022-10-14,31,21.6,31.2,20.4,31.2,22.4,30,20.2,30.8,24.2
2022-10-15,30,20.8,31.4,19,31.2,21,30.2,17.2,31.2,22.4
2022-10-16,29.8,21.4,31.2,20.2,31.6,20.6,29,17.8,31.2,21
2022-10-17,30,22,32,20.4,31.8,23,29,20.2,30.6,24
2022-10-18,30,19,32.8,19,31.8,20,28.4,18.6,30.6,23
2022-10-19,29,18.4,33,18,33.2,18.8,29,16.6,30.6,23
2022-10-20,30.2,20,33,18.2,33.8,18.6,28.8,16.2,29.8,22.2
2022-10-21,29.4,20.6,33.6,19,32.6,21.4,29.2,15.2,30.2,22.6
2022-10-22,29.4,19.2,33.4,18.6,31.2,19,28.2,16,31.6,21.6
2022-10-23,29,19.6,30.8,18,30.2,16.8,30.4,15.6,31.4,20.2
2022-10-24,30.8,19.2,30.6,17,30.6,17.4,29.8,14,31.4,21.6
2022-10-25,28.6,18.2,32.2,16.2,30,16.6,29,14,31,21.6
2022-10-26,28.4,17.6,32.8,16.4,31.4,16.8,27.8,15.4,30.2,19
2022-10-27,27.8,17,32.8,17.2,30.8,17,26.6,15,30.4,18.4
2022-10-28,28,18,33.6,17.4,30,16.8,26.8,15.8,30.2,18.4
2022-10-29,28,17,31.6,18,30.6,17.6,26.6,16.6,29.4,18
2022-10-30,27.8,18,30.6,16.2,30.2,17.4,29.2,15.6,30.8,18.8
2022-10-31,28.2,17.2,31.2,16.6,30.2,17.2,28.6,15,30.4,18.6
2022-11-01,28.4,17.8,31.6,16.2,32.2,17.6,28.2,15.6,30,19
2022-11-02,28.8,18.6,33,17.2,30.2,17.8,28.4,16.4,29.6,18.6
2022-11-03,27.4,18.6,32.6,17.4,30.6,17.4,26.6,15.6,30.2,18.8
2022-11-04,27.6,19.4,34.4,18.8,30.2,18.4,25.8,15.8,29.6,19.6
2022-11-05,28,19.6,33.6,18.6,30,18.4,27.8,15.4,30,19.6
2022-11-06,28,18.6,32.8,18.8,31.2,19.4,28.4,15.4,30.4,19
2022-11-07,27.8,19.6,32.4,19,32,19.6,26.8,15.8,30.6,19
2022-11-08,28,19.8,31.8,17.8,27.6,19,25.4,15,29.2,19
2022-11-09,24.4,19.2,29.6,19.6,29.6,19,25,16,29.4,19.4
2022-11-10,25.6,18,29.8,19,28.8,18.2,26.6,14.6,28.4,19.6
2022-11-11,26,16.4,29.2,17,28,17.6,26.6,12,28.4,19.2
2022-11-12,25.6,14,28.4,14.4,27.4,15.2,25,11.6,28.4,17.2
2022-11-13,25.6,13,29.8,13.4,27.4,14,26.2,10.4,27.2,15.8
2022-11-14,25.6,13.2,30.8,14,30.2,15,24,13.8,27.4,14.8
2022-11-15,29,13.6,30.2,14.2,29,17.4,26.2,13.6,29,15.4
2022-11-16,26.8,14,28.4,14.2,26.8,14.8,25,12.4,28.4,15.8
2022-11-17,24,13,26.8,12,25.2,13.8,24.2,10.4,27.4,15
2022-11-18,23.8,12.6,26.8,11.6,25.4,11.6,25,11,27,13.2
2022-11-19,24.8,12.6,26.4,10.4,26,11.8,25,12.4,27.4,13
2022-11-20,26,13,27,11.2,26,11.6,26.6,12,27.2,13
2022-11-21,26,12.8,28,11.6,26.2,11.6,26,12.2,27.8,13.8
2022-11-22,25,11.6,27.8,11.6,26.2,12.2,25.4,11.2,27.4,14.2
2022-11-23,25,11,27.2,11,26.4,10.8,24.8,10.6,28,13.2
2022-11-24,24,10.6,27,9.6,26.6,10.2,25,10.8,27,13
2022-11-25,23.8,11,28,10,26.8,10,25,11.6,27.8,13
2022-11-26,25.2,12,27.4,10.2,26,10,26.6,12.4,27.8,14.2
2022-11-27,25,11,27,10,27.2,10.4,26.4,13,27.6,14.6
2022-11-28,24.4,12.6,26.8,9.8,25.8,9.8,25,11.4,27.4,14.5
2022-11-29,23.6,13,26.8,10.2,25.2,9.2,24.4,12.4,27.4,14.2
2022-11-30,23.8,12.4,25.4,10.4,25.6,10.6,24.4,11.8,27,14.2
2022-12-01,23.6,12.4,25.4,10,25.2,10.2,25.4,11.8,26.4,12.8
2022-12-02,23.2,12,25,9,26.4,10,23,11.8,25.8,12
2022-12-03,23,11.8,25.6,10.2,25.6,10.4,24,12.6,26.2,11.4
2022-12-04,23.2,12,25.2,10.2,25,11.2,24,11.4,NA,NA
2022-12-05,22.4,11.6,24.8,9.8,25.2,10.4,23.2,12,25.8,13
2022-12-06,20.4,10.8,24.4,9.2,23.2,9.6,24.2,11,25.2,14.2
2022-12-07,21,11,25.6,8.4,24,10.2,23.8,9.2,24.6,12
2022-12-08,21.6,9.8,26.4,8.8,24.2,10.6,22.8,9.6,25.2,11.8
2022-12-09,23.4,10.6,25.6,9.2,26,10.4,25,9.6,26.2,12
2022-12-10,23.6,11,25.8,9.6,26.6,10.2,25.2,10.2,26.6,13.2
2022-12-11,25,11.4,27,10.4,27,10.4,27.2,9.6,25,12.6
2022-12-12,24.8,11,28.4,11.2,26.2,10.2,26.4,8.6,24.8,12.6
2022-12-13,22.4,11.6,26.2,12,25.8,9.8,26,8.8,25.4,12.4
2022-12-14,21.8,11,25.4,12.2,23.8,11.6,24,8.2,23.4,12.4
2022-12-15,20.4,8.4,25.4,9.4,23,8.4,NA,NA,23.4,11.2
2022-12-16,20.2,8.4,25.6,10,23.4,9.2,22,8.4,24,12.8
2022-12-17,20.2,8.6,25.4,8.4,23.6,8.4,21,7.6,24,11
2022-12-18,22,9.4,23.6,8.4,23.2,8,23,8.6,26,11.8
2022-12-19,22.4,10,25,9,22.4,8.4,23.6,9,24.2,12.2
2022-12-20,18.8,10.8,25,8.2,23,9,20.4,8.6,24.4,12.8
2022-12-21,15,9,24.2,9,20,8.4,22.6,7.4,20,12.6
2022-12-22,18.6,8.4,23.6,10.2,19.6,9,22.4,6.8,24.2,11.4
2022-12-23,23,8.6,23,9.2,19.2,8.4,21,5.6,23,12.4
2022-12-24,21.6,9,21,9,19.4,8.2,20.4,8,23.4,14.4
2022-12-25,14.6,8,21,8,15.6,7,21.4,7.6,25,12.2
2022-12-26,11.4,7.2,20.2,4.6,13.4,6.8,22,9.8,24.4,12
2022-12-27,14,7.4,20.6,7.4,16.8,7,22.2,7.6,21.6,12.2
2022-12-28,13.6,6.4,24.6,7.2,21.6,8.4,21.6,7.6,15.2,10
2022-12-29,14.4,7,25.8,7.8,23.4,9.6,13.6,7.2,17.2,8.4
2022-12-30,18.8,9.4,25.6,10.8,22.4,12,19.8,8.8,19.8,8.4
2022-12-31,16.4,9,16.6,10,19,9.4,21,7.6,21.4,9.2
2023-01-01,12,9,20.2,8,20.6,7.4,17.4,8.4,17,9.8
2023-01-02,14,7,17.6,9.6,16.4,9.4,NA,NA,13.8,12.2
2023-01-03,10.4,7,14.6,6.4,15.6,7.4,18.6,6.6,13.4,11.2
2023-01-04,9.8,8,14.6,5.6,15.6,6.6,21.2,5,12.5,10.6
2023-01-05,11.5,7.2,14,5,15,5.4,21,5,11.6,9.6
2023-01-06,10,4.6,14,4.2,15.5,5.6,19,7.8,13.5,8.8
2023-01-07,11,4.6,18.6,3.6,15.2,5.4,22,6.6,10,8.2
2023-01-09,12.4,7.6,21.6,5.8,18.4,5.6,23,7.2,12.4,8.4
2023-01-10,10.6,8,24.4,8.2,17,7,24,8.6,11.4,8.6
2023-01-11,13.6,9.8,24.8,8.6,18.4,6,14.8,7.8,13,6.2
2023-01-12,18.2,9.6,19.6,11.8,20.6,10.6,22,9.4,12.2,5
2023-01-13,22.4,10.2,24.6,12.8,21.4,12.2,21.6,10,19,8.6
2023-01-14,17.4,11.4,18.6,8,18,10.6,20.8,11.2,22.4,8.8
2023-01-15,15.2,8.4,18.4,6.2,16.6,5.8,18.8,11.2,17.4,10.2
2023-01-16,17.4,5.8,18.2,3.8,17.8,4.2,18.6,9.4,19,7.6
2023-01-17,17.4,5.4,19,3.8,19.4,4.6,16,6.8,19.4,8.8
2023-01-19,20.4,6.4,21.6,4.2,21.6,6.4,15.6,9.6,21,6.8
2023-01-20,21,8.6,20.6,5.2,22.8,11.6,17,9.2,22.6,7.8
2023-01-21,22.2,9.2,22.4,8,23,8.6,22,7,23.6,12.2
2023-01-23,25.6,10,19,10.4,25,9.4,23.6,7.6,23.4,13
2023-01-24,17.4,14.4,22.4,12.8,20.8,13,21.6,11.6,24.2,12.6
2023-01-25,18.2,14.4,17,15.6,18.6,12,21.4,12.6,24.6,14
2023-01-26,21.2,14,18,13.6,16.6,12,24,11.4,23.6,16.4
2023-01-27,18.4,12.8,20.2,9,20.2,7.8,25,11.2,22.4,15.2
2023-01-28,19.8,9.2,23.4,6.4,23,7.8,25,8.6,21.8,14
2023-01-30,16.8,11,17,13,18.8,12.2,16.4,11,23.8,11.4
2023-01-31,22.6,11.6,21.4,11.6,19.8,11.8,22.8,8.6,25,16
2023-02-01,18.4,13.4,21.6,10,20.2,10.2,24.6,11.4,18.4,14.8
2023-02-02,16.4,9.6,25,10,23.6,10.4,25,10,21.8,14
2023-02-04,22.4,9.8,27,9.6,25.2,11,24.2,10,20.8,13.2
2023-02-05,23.6,11.6,28.6,11.4,25.2,12.4,23.4,10.6,23.8,11.8
2023-02-07,24.6,12,27.2,14,25,14.4,24,10.2,25.2,11.4
2023-02-08,23,11.2,26.8,11.6,23.6,11,24.4,10,25.4,14
2023-02-09,24,11.4,29,10.8,28.4,10.4,25.6,10.6,25,12.4
2023-02-10,25.6,12.4,31.6,13.6,29.2,14.8,25.2,13,26.8,11.8
2023-02-11,26.4,13.8,29,15.8,27,15,25,13.4,27.5,13
2023-02-12,23.4,13.2,27,14,23.4,12.2,21,10,26,18.4
2023-02-13,21.6,10,24.6,12.6,22.2,10.2,22.6,6.6,21.6,11.8
2023-02-14,22,9,26.8,10,25.6,10.4,22.8,7.8,23.4,9.6
2023-02-15,23,11,29.2,10.2,27.2,13.2,23.6,9,25.6,11.4
2023-02-16,26.2,11.4,29,12.6,27.8,12.4,26,11.2,27.2,12.2
2023-02-17,26.4,13.6,28.6,14.6,28.6,14.8,26.8,12.6,27.2,13.4
2023-02-18,26.6,13.8,30,13.6,29.2,13.6,27.4,11.8,29.2,14.2
2023-02-19,27.2,14.4,31.6,14,30.2,13.4,27.2,12.6,29,15.2
2023-02-20,28.6,14.6,33.8,14.6,31.2,15,28.2,14.4,28.6,16.2
2023-02-21,29.4,17.4,33.8,16,31.2,17.4,29,14,30,16.2
2023-02-22,27.8,16,32,18,27.6,16.8,26.4,13.6,30.6,18
2023-02-26,28.4,13.6,31.8,15,31.6,14.6,27.2,12.8,28.4,15
2023-02-27,28.2,14.6,33,16.2,31.8,16.2,27.6,12.8,28.4,15.8
2023-02-28,29.2,15,33,15.6,29.6,15.2,25.8,12.6,30,16
2023-03-01,29.4,15.6,30.2,17.4,29.4,18.4,29.4,14.6,30.8,15.8
2023-03-02,30.8,15.4,32.4,16,30.6,16,29.6,13.4,30.4,16.4
2023-03-03,31.6,18.6,32.6,17.8,31.4,19.4,29.6,15,30,18.4
2023-03-04,29.6,17.4,28,18.6,26.2,18.4,29,14.6,31.8,19.8
2023-03-05,29.6,17.2,30.8,16.8,30.6,17.4,29,14.6,30.6,19.6
2023-03-06,29.4,16.4,31.2,16.2,29.8,16.8,28.6,13.6,31.6,19.4
2023-03-07,29.2,15.4,29.8,19.2,30.8,17.2,28.8,14,31,17.6
2023-03-08,30.4,15.4,29.6,16,29.4,16.8,27.4,15,30.8,19.2
2023-03-09,27.4,17.6,28.6,17.4,29.2,17.8,28.2,14,31.4,16.8
2023-03-11,30,17.4,31.8,15.8,31.6,17.6,29.2,15.6,31.8,17.8
2023-03-12,30.8,17,33.2,15.8,33.2,16.8,28.6,16.2,32.6,17.8
2023-03-14,31.6,17.8,33,17,33,19.6,30,16,32,18
2023-03-15,32.4,16.4,34,18.4,33.6,19.4,29,15.2,33.2,17.6
2023-03-16,29.6,17.8,28,12,32.4,21,29.4,16,32.8,18.6
2023-03-17,28.4,16.6,30.8,18.4,28.2,19.4,30,16,24.2,18.6
2023-03-18,24.4,17.6,30.4,18.4,24,18.8,NA,NA,30.4,18.6
2023-03-19,27,16.4,26.8,19.4,26,17.8,26,14.4,28.6,19
2023-03-20,22,17.4,25.4,18.4,26.6,15.8,23.6,15,23.8,17.8
2023-03-22,26,13,29.4,16.4,27.6,15.8,25,12.4,28.4,17
2023-03-23,28.4,17,31.6,17.6,29.8,17.6,27.4,13.6,30.8,18.8
2023-03-24,29.2,16.6,33,18.6,27.6,19,26.6,15,32.6,16.6
2023-03-25,28.2,17.4,30.6,21,29.2,17.4,25.6,15.6,30,18.8
2023-03-26,30,18.2,31.6,18.8,30.4,17.8,26.2,13.6,33.4,17.6
2023-03-27,29.6,17.4,31.4,19,28.2,18.2,27,13.4,33.2,20.4
2023-03-28,29.4,16.6,32.2,17.2,30.2,17,27.8,14.4,33,21
2023-03-29,30,16.6,35,17.8,33,17.8,29.4,14.2,34,18.8
2023-03-30,32.6,17.4,33,20.6,NA,NA,31,15.4,36,19.4
2023-03-31,28.4,17,29.4,17,27,16.8,18,14.4,27,22.4
2023-04-01,17.4,17.4,19,19,18,18,14,14,21.6,21.6
2020-11-21,NA,NA,24,11.6,24.4,10.6,22.8,9.6,25,15.2
2021-07-28,NA,NA,27.2,25.4,28,26,26.6,23,33.6,28.4
2021-11-29,NA,NA,27.2,12.2,25.4,11.6,23.6,9.8,26,14.4
2023-01-08,NA,NA,23.6,2,18,5,23.2,7.2,NA,NA
2023-01-18,NA,NA,20,3.6,18.6,5.2,18.6,5.6,NA,NA
2023-01-22,NA,NA,20.6,8,23.2,10.2,22,8,NA,NA
2023-01-29,NA,NA,22,8.8,16.4,8.6,15.6,9,NA,NA
2023-02-03,NA,NA,25.6,8.8,23.6,11.6,22.4,10.2,23.2,11.4
2023-02-06,NA,NA,29.6,12.4,28.2,10.6,22,10,24.4,12.6
2023-02-23,NA,NA,29.6,15,28.6,15.4,28,11.8,29.4,16.8
2023-02-24,NA,NA,29.8,13,29.6,12.4,27.2,11.6,28.4,14
2023-02-25,NA,NA,31.2,15,30,13.6,27,12.6,28.2,14.2
2023-03-10,NA,NA,30,15.6,30.2,16.6,29,14.2,32,19.6
2023-03-13,NA,NA,34.6,17,32.8,18,28,16.8,32,17.6
2023-03-21,NA,NA,28.6,16.6,24,16.2,18.6,13.6,26.6,17.4
2021-02-12,NA,NA,NA,NA,12.7,12.7,NA,NA,12,11
