cropname,locationname,locationtype,cropyear,seasonname,Area (Lakh Ha),variation_percentage,variation_value,Source
Sunflower,All India,country,1980-81,Kharif,1.19,,,DA&FW
Sunflower,All India,country,1981-82,Kharif,1.69,41.624790619765506,0.4970000000000001,DA&FW
Sunflower,All India,country,1982-83,Kharif,2.77,63.98580721466588,1.082,DA&FW
Sunflower,All India,country,1983-84,Kharif,4.18,50.55896141363143,1.4019999999999997,DA&FW
Sunflower,All India,country,1984-85,Kharif,5.01,19.952095808383238,0.8330000000000002,DA&FW
Sunflower,All India,country,1985-86,Kharif,4.51,-9.944089456869014,-0.4980000000000002,DA&FW
Sunflower,All India,country,1986-87,Kharif,6.14,36.031042128603104,1.625,DA&FW
Sunflower,All India,country,1987-88,Kharif,9.91,61.499592502037494,3.7729999999999997,DA&FW
Sunflower,All India,country,1988-89,Kharif,6.45,-34.91118288251918,-3.4589999999999996,DA&FW
Sunflower,All India,country,1989-90,Kharif,5.48,-15.010079082028222,-0.968,DA&FW
Sunflower,All India,country,1990-91,Kharif,7.15,30.432402846195956,1.6680000000000001,DA&FW
Sunflower,All India,country,1991-92,Kharif,9.73,36.1309274024339,2.5829999999999993,DA&FW
Sunflower,All India,country,1992-93,Kharif,9.19,-5.56925606247431,-0.5419999999999998,DA&FW
Sunflower,All India,country,1993-94,Kharif,13.79,50.010881392818284,4.596,DA&FW
Sunflower,All India,country,1994-95,Kharif,6.95,-49.557522123893804,-6.832,DA&FW
Sunflower,All India,country,1995-96,Kharif,9.03,29.795800977854476,2.072,DA&FW
Sunflower,All India,country,1996-97,Kharif,7.95,-11.921116773764675,-1.0759999999999996,DA&FW
Sunflower,All India,country,1997-98,Kharif,5.91,-25.72327044025157,-2.045,DA&FW
Sunflower,All India,country,1998-99,Kharif,7.33,24.115156646909387,1.4239999999999995,DA&FW
Sunflower,All India,country,1999-00,Kharif,4.73,-35.4072861236185,-2.5949999999999998,DA&FW
Sunflower,All India,country,2000-01,Kharif,4.19,-11.470215462610902,-0.5430000000000001,DA&FW
Sunflower,All India,country,2001-02,Kharif,3.09,-26.198997852541154,-1.0979999999999999,DA&FW
Sunflower,All India,country,2002-03,Kharif,5.32,71.9689621726479,2.226,DA&FW
Sunflower,All India,country,2003-04,Kharif,6.11,14.81481481481482,0.7880000000000003,DA&FW
Sunflower,All India,country,2004-05,Kharif,8.73,42.967086949402315,2.6239999999999997,DA&FW
Sunflower,All India,country,2005-06,Kharif,9.19,5.3029435345321385,0.46300000000000097,DA&FW
Sunflower,All India,country,2006-07,Kharif,8.6,-6.41722862736569,-0.5900000000000016,DA&FW
Sunflower,All India,country,2007-08,Kharif,7.62,-11.44816364481636,-0.9849999999999994,DA&FW
Sunflower,All India,country,2008-09,Kharif,6.62,-13.177582359889744,-1.0039999999999996,DA&FW
Sunflower,All India,country,2009-10,Kharif,5.68,-14.176417233560096,-0.9377700000000004,DA&FW
Sunflower,All India,country,2010-11,Kharif,3.15,-44.45882939391217,-2.5240299999999998,DA&FW
Sunflower,All India,country,2011-12,Kharif,2.6,-17.476214639096792,-0.5510600000000001,DA&FW
Sunflower,All India,country,2012-13,Kharif,3.01,15.697080095613622,0.40846000000000027,DA&FW
Sunflower,All India,country,2013-14,Kharif,2.56,-14.937221816249252,-0.4497,DA&FW
Sunflower,All India,country,2014-15,Kharif,2.17,-15.346167363036441,-0.39300000000000024,DA&FW
Sunflower,All India,country,2015-16,Kharif,1.57,-27.42746436643757,-0.5946,DA&FW
Sunflower,All India,country,2016-17,Kharif,1.73,10.20402974639294,0.16054000000000013,DA&FW
Sunflower,All India,country,2017-18,Kharif,1.35,-21.991071840538925,-0.38129000000000013,DA&FW
Sunflower,All India,country,2018-19,Kharif,1.18,-12.855716979039578,-0.1738799999999998,DA&FW
Sunflower,All India,country,2019-20,Kharif,1.25,6.416554251826198,0.07562999999999986,DA&FW
Sunflower,All India,country,2020-21,Kharif,0.99,-21.12413298254006,-0.26496,DA&FW
Sunflower,All India,country,2021-22,Kharif,1.38,39.532617704732445,0.391112,DA&FW
Sunflower,All India,country,2022-23,Kharif,2.18,58.17138154749313,0.8030279999999999,DA&FW
Sunflower,All India,country,2023-24,Kharif,0.67,-69.49273636580138,-1.5173599999999998,DA&FW
Sunflower,All India,country,2024-25,Kharif,0.78,17.334714465862,0.11546999999999996,DA&FW
Sunflower,All India,country,2025-26,Kharif,0.88,12.321319361813739,0.0963022,DA&FW
Sugarcane,All India,country,1980-81,Kharif,26.67,,,DA&FW
Sugarcane,All India,country,1981-82,Kharif,31.93,19.751743793594837,5.2669999999999995,DA&FW
Sugarcane,All India,country,1982-83,Kharif,33.58,5.145147652898258,1.6430000000000007,DA&FW
Sugarcane,All India,country,1983-84,Kharif,31.1,-7.386228258279724,-2.4800000000000004,DA&FW
Sugarcane,All India,country,1984-85,Kharif,29.53,-5.023154103421666,-1.5620000000000012,DA&FW
Sugarcane,All India,country,1985-86,Kharif,28.49,-3.5281370623687884,-1.041999999999998,DA&FW
Sugarcane,All India,country,1986-87,Kharif,30.79,8.056296504281907,2.2954000000000008,DA&FW
Sugarcane,All India,country,1987-88,Kharif,32.79,6.491616700338448,1.9985999999999997,DA&FW
Sugarcane,All India,country,1988-89,Kharif,33.29,1.534191423168426,0.5030000000000001,DA&FW
Sugarcane,All India,country,1989-90,Kharif,34.38,3.274354892006357,1.0899999999999963,DA&FW
Sugarcane,All India,country,1990-91,Kharif,36.86,7.2166147939148955,2.4810000000000016,DA&FW
Sugarcane,All India,country,1991-92,Kharif,38.44,4.297341291372771,1.5840000000000032,DA&FW
Sugarcane,All India,country,1992-93,Kharif,35.73,-7.06742274477163,-2.717000000000006,DA&FW
Sugarcane,All India,country,1993-94,Kharif,34.22,-4.22929437120384,-1.5109999999999957,DA&FW
Sugarcane,All India,country,1994-95,Kharif,38.67,13.0114566284779,4.451999999999998,DA&FW
Sugarcane,All India,country,1995-96,Kharif,41.47,7.256646322540596,2.8059999999999974,DA&FW
Sugarcane,All India,country,1996-97,Kharif,41.74,0.643776824034342,0.267000000000003,DA&FW
Sugarcane,All India,country,1997-98,Kharif,39.3,-5.852758678517519,-2.442999999999998,DA&FW
Sugarcane,All India,country,1998-99,Kharif,40.55,3.183368110336398,1.2509999999999977,DA&FW
Sugarcane,All India,country,1999-00,Kharif,42.2,4.064218599718867,1.6480000000000032,DA&FW
Sugarcane,All India,country,2000-01,Kharif,43.16,2.275043249520093,0.9599999999999937,DA&FW
Sugarcane,All India,country,2001-02,Kharif,44.12,2.2221192390574025,0.9590000000000032,DA&FW
Sugarcane,All India,country,2002-03,Kharif,45.2,2.4639586544564405,1.0870000000000033,DA&FW
Sugarcane,All India,country,2003-04,Kharif,39.38,-12.873039400039826,-5.819000000000003,DA&FW
Sugarcane,All India,country,2004-05,Kharif,36.62,-7.0307739183424705,-2.7689999999999984,DA&FW
Sugarcane,All India,country,2005-06,Kharif,42.02,14.753516318448726,5.402000000000001,DA&FW
Sugarcane,All India,country,2006-07,Kharif,51.51,22.58847609300997,9.491,DA&FW
Sugarcane,All India,country,2007-08,Kharif,50.55,-1.856022365457799,-0.9560000000000031,DA&FW
Sugarcane,All India,country,2008-09,Kharif,44.15,-12.656274727013761,-6.397999999999996,DA&FW
Sugarcane,All India,country,2009-10,Kharif,41.75,-5.454613398559593,-2.4084300000000027,DA&FW
Sugarcane,All India,country,2010-11,Kharif,48.85,17.01430834457404,7.102719999999998,DA&FW
Sugarcane,All India,country,2011-12,Kharif,50.38,3.1285844397009663,1.528260000000003,DA&FW
Sugarcane,All India,country,2012-13,Kharif,49.99,-0.7684527820980258,-0.387120000000003,DA&FW
Sugarcane,All India,country,2013-14,Kharif,49.93,-0.11192366066185538,-0.055949999999995725,DA&FW
Sugarcane,All India,country,2014-15,Kharif,50.67,1.4705964815590595,0.7343199999999968,DA&FW
Sugarcane,All India,country,2015-16,Kharif,49.27,-2.756319595482744,-1.3965665000000058,DA&FW
Sugarcane,All India,country,2016-17,Kharif,44.36,-9.974041952897306,-4.914333499999991,DA&FW
Sugarcane,All India,country,2017-18,Kharif,47.37,6.794282287535862,3.013732999999995,DA&FW
Sugarcane,All India,country,2018-19,Kharif,50.61,6.840267260097642,3.2402779000000095,DA&FW
Sugarcane,All India,country,2019-20,Kharif,46.03,-9.057637609126688,-4.584152899999999,DA&FW
Sugarcane,All India,country,2020-21,Kharif,48.51,5.400232621206975,2.4855519999999913,DA&FW
Sugarcane,All India,country,2021-22,Kharif,51.75,6.682364537990451,3.2417693999999955,DA&FW
Sugarcane,All India,country,2022-23,Kharif,58.85,13.716963343376568,7.099088100000003,DA&FW
Sugarcane,All India,country,2023-24,Kharif,57.4,-2.4760184742817817,-1.4572153000000014,DA&FW
Sugarcane,All India,country,2024-25,Kharif,54.5,-5.046751014612473,-2.89663079999999,DA&FW
Sugarcane,All India,country,2025-26,Kharif,58.84,7.9642940288060045,4.340486199999994,DA&FW
Groundnut,All India,country,1980-81,Kharif,59.08,,,DA&FW
Groundnut,All India,country,1981-82,Kharif,63.74,7.8844916889535765,4.657999999999994,DA&FW
Groundnut,All India,country,1982-83,Kharif,62.0,-2.7315802686080075,-1.7409999999999997,DA&FW
Groundnut,All India,country,1983-84,Kharif,63.23,1.992096136785224,1.2349999999999994,DA&FW
Groundnut,All India,country,1984-85,Kharif,60.18,-4.818915071959508,-3.046999999999997,DA&FW
Groundnut,All India,country,1985-86,Kharif,62.43,3.738597278301181,2.25,DA&FW
Groundnut,All India,country,1986-87,Kharif,60.41,-3.2370701391892123,-2.021000000000001,DA&FW
Groundnut,All India,country,1987-88,Kharif,56.71,-6.121300403893267,-3.6980000000000004,DA&FW
Groundnut,All India,country,1988-89,Kharif,70.24,23.84596395951617,13.524000000000001,DA&FW
Groundnut,All India,country,1989-90,Kharif,74.02,5.3902445969418284,3.7860000000000014,DA&FW
Groundnut,All India,country,1990-91,Kharif,68.24,-7.820436615151845,-5.7890000000000015,DA&FW
Groundnut,All India,country,1991-92,Kharif,72.69,6.530372975745589,4.456000000000003,DA&FW
Groundnut,All India,country,1992-93,Kharif,68.73,-5.44909273500158,-3.9609999999999985,DA&FW
Groundnut,All India,country,1993-94,Kharif,70.15,2.064600611086857,1.418999999999997,DA&FW
Groundnut,All India,country,1994-95,Kharif,66.35,-5.411338721863471,-3.7960000000000065,DA&FW
Groundnut,All India,country,1995-96,Kharif,65.25,-1.662321221346427,-1.1029999999999944,DA&FW
Groundnut,All India,country,1996-97,Kharif,64.57,-1.045210727969352,-0.6820000000000022,DA&FW
Groundnut,All India,country,1997-98,Kharif,60.65,-6.069570065667199,-3.918999999999997,DA&FW
Groundnut,All India,country,1998-99,Kharif,58.86,-2.9464624313673746,-1.786999999999999,DA&FW
Groundnut,All India,country,1999-00,Kharif,58.09,-1.314940029220891,-0.7740000000000009,DA&FW
Groundnut,All India,country,2000-01,Kharif,57.05,-1.783500895193502,-1.0360000000000014,DA&FW
Groundnut,All India,country,2001-02,Kharif,54.61,-4.280266453004302,-2.441977616768014,DA&FW
Groundnut,All India,country,2002-03,Kharif,52.72,-3.453619502289551,-1.886022383231989,DA&FW
Groundnut,All India,country,2003-04,Kharif,51.96,-1.445262119717763,-0.7619999999999933,DA&FW
Groundnut,All India,country,2004-05,Kharif,57.86,11.356375813094175,5.900999999999996,DA&FW
Groundnut,All India,country,2005-06,Kharif,57.4,-0.8053505694485269,-0.4660000000000011,DA&FW
Groundnut,All India,country,2006-07,Kharif,47.8,-16.715159328884788,-9.594000000000001,DA&FW
Groundnut,All India,country,2007-08,Kharif,53.12,11.124824801790693,5.318000000000005,DA&FW
Groundnut,All India,country,2008-09,Kharif,52.86,-0.4950961013535235,-0.26300000000000523,DA&FW
Groundnut,All India,country,2009-10,Kharif,46.16,-12.671648567861052,-6.697979999999994,DA&FW
Groundnut,All India,country,2010-11,Kharif,49.77,7.829805966288565,3.6142399999999952,DA&FW
Groundnut,All India,country,2011-12,Kharif,43.16,-13.287141042442943,-6.6135761290322606,DA&FW
Groundnut,All India,country,2012-13,Kharif,39.31,-8.918982568663877,-3.849493870967734,DA&FW
Groundnut,All India,country,2013-14,Kharif,46.45,18.169050593482403,7.142469999999996,DA&FW
Groundnut,All India,country,2014-15,Kharif,40.13,-13.60314773905866,-6.319159999999997,DA&FW
Groundnut,All India,country,2015-16,Kharif,38.38,-4.377281391321694,-1.7568000000000055,DA&FW
Groundnut,All India,country,2016-17,Kharif,45.78,19.300075304147988,7.406925000000001,DA&FW
Groundnut,All India,country,2017-18,Kharif,41.42,-9.53220649945259,-4.364284999999995,DA&FW
Groundnut,All India,country,2018-19,Kharif,41.32,-0.2436580675098252,-0.10092399999999913,DA&FW
Groundnut,All India,country,2019-20,Kharif,41.6,0.6908713327409988,0.2854639999999975,DA&FW
Groundnut,All India,country,2020-21,Kharif,51.71,24.300094123573963,10.110025,DA&FW
Groundnut,All India,country,2021-22,Kharif,49.13,-5.002116894539403,-2.5868400000000022,DA&FW
Groundnut,All India,country,2022-23,Kharif,42.63,-13.234736601166766,-6.50197,DA&FW
Groundnut,All India,country,2023-24,Kharif,40.44,-5.140079099434279,-2.191015,DA&FW
Groundnut,All India,country,2024-25,Kharif,50.05,23.777947267570635,9.614632,DA&FW
Groundnut,All India,country,2025-26,Kharif,50.29,0.47522211516421625,0.23784729999999854,DA&FW
